VideoID;ActeursPrincipaux;SourceURL;Note
1;Ryan Reynolds | Hugh Jackman | Emma Corrin | Morena Baccarin | Jennifer Garner | Peggy | Matthew Macfadyen | Rob Delaney | Leslie Uggams | Karan Soni;https://www.wikidata.org/wiki/Q102180106;
33;Roger Carel | Jacques Morel | Micheline Dax;https://www.imdb.com/title/tt0062687/;
34;Elijah Wood | Ian McKellen | Orlando Bloom | Liv Tyler | Viggo Mortensen | Sean Astin | Cate Blanchett | John Rhys-Davies | Billy Boyd | Dominic Monaghan;https://www.wikidata.org/wiki/Q127367;
36;Michelle Yeoh | Stephanie Hsu | Jamie Lee Curtis | James Hong | Ke Huy Quan | Jenny Slate | Harry Shum | Andy Le | Brian Le | Tallie Medel;https://www.wikidata.org/wiki/Q83808444;
37;Jackie Chan | Chris Tucker | Ken Leung | Tom Wilkinson | Elizabeth Peña | Mark Rolston | Clifton Powell | John Hawkes | Chris Penn | Barry Shabaka Henley;https://www.wikidata.org/wiki/Q255342;
42;Elijah Wood | Viggo Mortensen | Ian McKellen | Andy Serkis | Liv Tyler | Sean Astin | Cate Blanchett | Christopher Lee | Hugo Weaving | Dominic Monaghan;https://www.wikidata.org/wiki/Q131074;
63;Elijah Wood | Ian McKellen | Viggo Mortensen | Sean Astin | Andy Serkis | Liv Tyler | Cate Blanchett | John Rhys-Davies | Orlando Bloom | Bernard Hill;https://www.wikidata.org/wiki/Q164963;
67;Cailee Spaeny | David Jonsson | Archie Renaux | Isabela Merced | Spike Fearn | Aileen Wu;https://www.wikidata.org/wiki/Q115932544;
68;Sigourney Weaver | Tom Skerritt | John Hurt | Yaphet Kotto | Veronica Cartwright | Harry Dean Stanton | Ian Holm | Eddie Powell | Bolaji Badejo;https://www.wikidata.org/wiki/Q103569;
69;Sigourney Weaver | Michael Biehn | Carrie Henn | William Hope | Paul Reiser | Bill Paxton | Jenette Goldstein | Al Matthews | Mark Rolston | Ricco Ross;https://www.wikidata.org/wiki/Q104814;
79;Emilio Estevez | Samuel L. Jackson | Jon Lovitz | Kathy Ireland | Frank McRae | Tim Curry | William Shatner | F. Murray Abraham | Whoopi Goldberg | Allyce Beasley;https://www.wikidata.org/wiki/Q922512;
80;Eric Judor | Ramzy Bedia | Edouard Baer | Didier Flamand | Rossy de Palma | Lionel Abelanski | Patrick Vo | Mathieu Delarive | Christophe Odent | François Berland;https://www.wikidata.org/wiki/Q1123978;
81;Ryan Reynolds | Morena Baccarin | T.J. Miller | Ed Skrein | Gina Carano | Brianna Hildebrand | Andre Tricoteux | Leslie Uggams | Jed Rees | Karan Soni;https://www.wikidata.org/wiki/Q19347291;
82;Ryan Reynolds | Josh Brolin | Morena Baccarin | T. J. Miller | Leslie Uggams | Brianna Hildebrand | Stefan Kapičić | Zazie Beetz | Jack Kesy | Julian Dennison;https://www.wikidata.org/wiki/Q25431158;
83;Lucas Black | Zachery Ty Bryan | Shad Moss | Sung Kang | Bow Wow | Brian Tee | Nathalie Kelley | Jason Tobin | Sonny Chiba | Nikki Griffin;https://www.wikidata.org/wiki/Q213208;
100;Jackie Chan | Chris Tucker | Max von Sydow | Noémie Lenoir | Yvan Attal | Hiroyuki Sanada | Roman Polanski | Philip Baker Hall | Julie Depardieu | Tzi Ma;https://www.wikidata.org/wiki/Q498109;
101;Jackie Chan | Chris Tucker | John Lone | Zhang Ziyi | Roselyn Sánchez | Don Cheadle | Alan King | Harris Yulin | Angela Little | Gianni Russo;https://www.wikidata.org/wiki/Q830208;
102;Sigourney Weaver | Winona Ryder | Dominique Pinon | Ron Perlman | Gary Dourdan | Michael Wincott | Brad Dourif | Leland Orser | Dan Hedaya | J. E. Freeman;https://www.wikidata.org/wiki/Q458314;
103;Sigourney Weaver | Charles S. Dutton | Charles Dance | Brian Glover | Ralph Brown | Paul McGann | Danny Webb | Pete Postlethwaite | Lance Henriksen | Holt McCallany;https://www.wikidata.org/wiki/Q108543;
104;Noomi Rapace | Logan Marshall-Green | Michael Fassbender | Guy Pearce | Idris Elba | Charlize Theron | Rafe Spall | Patrick Wilson | Peter O'Toole | Sean Harris;https://www.wikidata.org/wiki/Q192686;
105;Tom Hardy | Chiwetel Ejiofor | Juno Temple | Clark Backo | Rhys Ifans | Stephen Graham | Peggy Lu | Alanna Ubach | Andy Serkis | Cristo Fernández;https://www.wikidata.org/wiki/Q113371337;
106;Idris Elba | Charlie Hunnam | Rinko Kikuchi | Charlie Day | Robert Kazinsky | Ron Perlman | Burn Gorman | Clifton Collins | Diego Klattenhoff | Robert Maillet;https://www.wikidata.org/wiki/Q1388653;
107;Jack Nicholson | Shelley Duvall | Danny Lloyd | Scatman Crothers | Barry Nelson | Philip Stone | Joe Turkel | Tony Burton | Barry Dennen | Manning Redwood;https://www.wikidata.org/wiki/Q186341;
108;Kurt Russell | Wilford Brimley | Keith David | Donald Moffat | Charles Hallahan | T. K. Carter | David Clennon | Richard Masur | Richard Dysart | Joel Polis;https://www.wikidata.org/wiki/Q210756;
109;Michael Fassbender | Katherine Waterston | Billy Crudup | Danny McBride | Demián Bichir | Carmen Ejogo | Amy Seimetz | Jussie Smollett | Callie Hernandez | Nathaniel Dean;https://www.wikidata.org/wiki/Q20430699;
110;Keanu Reeves | Laurence Fishburne | Carrie-Anne Moss | Hugo Weaving | Gloria Foster | Lambert Wilson | Monica Bellucci | Daniel Bernhardt | Jada Pinkett Smith | Harold Perrineau;https://www.wikidata.org/wiki/Q189600;
111;Keanu Reeves | Laurence Fishburne | Carrie-Anne Moss | Hugo Weaving | Joe Pantoliano | Gloria Foster | Julian Arahanga | Anthony Ray Parker | Marcus Chong | Matt Doran;https://www.wikidata.org/wiki/Q83495;
112;Ryu Jun-yeol | Kim Woo-bin | Kim Tae-ri | So Ji-sub | Yum Jung-ah | Jo Woo-jin | Kim Eui-sung | Lee Ha-nee;https://www.wikidata.org/wiki/Q111589656;
113;Jean Reno | Ryôko Hirosue | Michel Muller | Carole Bouquet | Yoshi Oida | Christian Sinniger | Fabio Zenoni | Ludovic Berthillot | Michel Scourneau | Élodie Frenck;https://www.wikidata.org/wiki/Q906639;
114;Christopher Lambert | Sean Connery | Clancy Brown | Roxanne Hart | James Cosmo | Celia Imrie | Alan North | Beatie Edney | Sheila Gish | Hugh Quarshie;https://www.wikidata.org/wiki/Q156539;
115;Ian McKellen | Martin Freeman | Richard Armitage | Adam Brown | Aidan Turner | Benedict Cumberbatch | Bret McKenzie | Christopher Lee | Dean O'Gorman | Graham McTavish;https://www.wikidata.org/wiki/Q919649;
116;Gemma Chan | Richard Madden | Angelina Jolie | Salma Hayek | Kumail Nanjiani | Lauren Ridloff | Brian Tyree Henry fuck | Ma Dong-seok | Lia McHugh | Barry Keoghan;https://www.wikidata.org/wiki/Q23894629;
117;Ian McKellen | Martin Freeman | Richard Armitage | Adam Brown | Aidan Turner | Cate Blanchett | Dean O'Gorman | Graham McTavish | James Nesbitt | Jed Brophy;https://www.wikidata.org/wiki/Q719915;
118;Martin Freeman | Ian McKellen | Richard Armitage | Ken Stott | Graham McTavish | Aidan Turner | Dean O'Gorman | Mark Hadlow | Jed Brophy | Adam Brown;https://www.wikidata.org/wiki/Q80379;
119;Peter Weller | Nancy Allen | Dan O'Herlihy | Ronny Cox | Kurtwood Smith | Miguel Ferrer | Ray Wise | Felton Perry | Paul McCrane | Edward Edwards;https://www.wikidata.org/wiki/Q372514;
120;Charlie Sheen | Cary Elwes | Valeria Golino | Lloyd Bridges | Jon Cryer | Kevin Dunn | Bill Irwin | Efrem Zimbalist Jr. | Bill Laimbeer | Bruce A. Young;https://www.wikidata.org/wiki/Q832105;
122;Robert Downey Jr. | Chris Evans | Scarlett Johansson | Chris Evans (actor) | Mark Ruffalo | Chris Hemsworth | Jeremy Renner | Tom Hiddleston | Clark Gregg | Cobie Smulders;https://www.wikidata.org/wiki/Q182218;
170;Takuya Eguchi | Atsumi Tanezaki | Saori Hayami;https://www.imdb.com/title/tt26684398/;
183;Sylvester Stallone | Wesley Snipes | Sandra Bullock | Nigel Hawthorne | Benjamin Bratt | Bob Gunton | Denis Leary | Glenn Shadix | Rob Schneider | Bill Cobbs;https://www.wikidata.org/wiki/Q470891;
184;Dwayne Johnson | Aldis Hodge | Pierce Brosnan | Sarah Shahi | Noah Centineo | Quintessa Swindell | Marwan Kenzari | Mohammed Amer | Uli Latukefu | James Cusati-Moyer;https://www.wikidata.org/wiki/Q28657013;
206;Nanoka Hara | Hokuto Matsumura | Eri Fukatsu;https://www.imdb.com/title/tt16428256/;
419;Ray Romano | John Leguizamo | Denis Leary;https://www.imdb.com/title/tt0438097/;
422;Ray Romano | Denis Leary | John Leguizamo;https://www.imdb.com/title/tt3416828/;
423;Alexandre Astier | Anne Girouard | Franck Pitiot | Jean-Christophe Hembert | Lionnel Astier;https://www.allocine.fr/film/fichefilm-248191/casting/;
424;Tate Donovan | Susan Egan | James Woods;https://www.imdb.com/title/tt0119282/;Correspondance retenue : Hercule, film d’animation de 1997.
431;Miho Okasaki | Yuma Uchida | Riko Fukumoto;https://www.imdb.com/title/tt15467380/;
432;Aya Endô | Aya Hirano | Tetsuya Kakihara;https://www.imdb.com/title/tt2085795/;
433;Ben Browder | Amanda Tapping | Christopher Judge | Michael Shanks | Claudia Black | Richard Dean Anderson | Beau Bridges | Don S. Davis | Steve Bacic | Cliff Simon;https://www.wikidata.org/wiki/Q735401;
434;Ben Browder | Amanda Tapping | Christopher Judge | Michael Shanks | Beau Bridges | Claudia Black | Morena Baccarin | Tim Guinee | Julian Sands | Matthew Walker;https://www.wikidata.org/wiki/Q476984;
435;Makoto Furukawa | Wataru Hatano | Aya Hirano;https://www.imdb.com/title/tt6548966/;
437;Casper Van Dien | Denise Richards | Dina Meyer | Jake Busey | Neil Patrick Harris | Patrick Muldoon | Clancy Brown | Michael Ironside | Amy Smart | Marshall Bell;https://www.wikidata.org/wiki/Q478626;
438;Billy Brown | Richard Burgi | Kelly Carlson | Cy Carter | Brenda Strong | Sandrine Holt | Brian Tee | Ed Lauter | Ed Quinn | Lawrence Monoson;https://www.wikidata.org/wiki/Q1853270;
464;Brian Cox | Gaia Wise | Miranda Otto;https://www.imdb.com/title/tt14824600/;
465;Russell Crowe | Joaquin Phoenix | Connie Nielsen | Richard Harris | Oliver Reed | Djimon Hounsou | Derek Jacobi | Tomas Arana | David Hemmings | Ralf Moeller;https://www.wikidata.org/wiki/Q128518;
491;Will Smith | Bill Pullman | Jeff Goldblum | Mary McDonnell | Vivica A. Fox | Margaret Colin | Harry Connick Jr. | Randy Quaid | Robert Loggia | Judd Hirsch;https://www.wikidata.org/wiki/Q105387;
492;Liam Hemsworth | Jeff Goldblum | Bill Pullman | Maika Monroe | Travis Tope | William Fichtner | Charlotte Gainsbourg | Judd Hirsch | Vivica A. Fox | Brent Spiner;https://www.wikidata.org/wiki/Q19614711;
493;Keanu Reeves | Laurence Fishburne | Carrie-Anne Moss | Hugo Weaving | Lambert Wilson | Monica Bellucci | Nathaniel Lees | Jada Pinkett Smith | Harold Perrineau | Bruce Spence;https://www.wikidata.org/wiki/Q207536;
512;Tom Cruise | Dakota Fanning | Tim Robbins | Justin Chatwin | Miranda Otto | Rick Gonzalez | Lenny Venito | Lisa Ann Walter | David Alan Basche | Amy Ryan;https://www.wikidata.org/wiki/Q202028;Correspondance retenue : La Guerre des mondes de Steven Spielberg (2005).
531;Jackie Chan | Anita Mui | Françoise Yip | Bill Tung | Garvin Cross | Marc Akerstream;https://www.wikidata.org/wiki/Q789374;
532;Tom McGrath | Chris Miller | Christopher Knights;https://www.imdb.com/title/tt1911658/;
533;Ginnifer Goodwin | Jason Bateman | Idris Elba;https://www.imdb.com/title/tt2948356/;
534;Leonardo DiCaprio | Kate Winslet | Billy Zane | Kathy Bates | Frances Fisher | Bernard Hill | Jonathan Hyde | David Warner | Victor Garber | Bill Paxton;https://www.wikidata.org/wiki/Q44578;
536;Aaron Paul | Dominic Cooper | Imogen Poots | Kid Cudi | Rami Malek | Michael Keaton | Dakota Johnson | Harrison Sloan Gilbertson | Michael Rose | Nick Chinlund;https://www.wikidata.org/wiki/Q13374569;
537;Roger Carel | Jacques Morel | Pierre Tornade;https://www.imdb.com/title/tt0072901/;
538;Tom Cruise | Ken Watanabe | Billy Connolly | Shin Koyamada | Tony Goldwyn | Masato Harada | Hiroyuki Sanada | Timothy Spall | Koyuki | Togo Igawa;https://www.wikidata.org/wiki/Q207130;
539;Paul Mescal | Denzel Washington | Pedro Pascal | Connie Nielsen | Derek Jacobi | Joseph Quinn | Lior Raz | Peter Mensah | Matt Lucas | Fred Hechinger;https://www.wikidata.org/wiki/Q115789958;
540;Robert Downey Jr. | Chris Evans | Mark Ruffalo | Chris Hemsworth | Chris Evans (actor) | Scarlett Johansson | Jeremy Renner | James Spader | Samuel L. Jackson | Don Cheadle;https://www.wikidata.org/wiki/Q14171368;
541;Robert Downey Jr. | Chris Hemsworth | Mark Ruffalo | Chris Evans (actor) | Scarlett Johansson | Don Cheadle | Benedict Cumberbatch | Tom Holland | Chadwick Boseman | Zoe Sandalia;https://www.wikidata.org/wiki/Q23780914;
542;Robert Downey Jr. | Chris Evans | Mark Ruffalo | Chris Evans (actor) | Chris Hemsworth | Scarlett Johansson | Jeremy Renner | Don Cheadle | Paul Rudd | Benedict Cumberbatch;https://www.wikidata.org/wiki/Q23781155;
543;Robert Downey Jr. | Gwyneth Paltrow | Terrence Howard | Jeff Bridges | Leslie Bibb | Shaun Toub | Faran Tahir | Clark Gregg | Bill Smitrovich | Sayed Badreya;https://www.wikidata.org/wiki/Q192724;
544;Robert Downey Jr. | Guy Pearce | Gwyneth Paltrow | Don Cheadle | Rebecca Hall | Jon Favreau | Ben Kingsley | James Badge Dale | Stephanie Szostak | William Sadler;https://www.wikidata.org/wiki/Q209538;
545;Robert Downey Jr. | Mickey Rourke | Gwyneth Paltrow | Don Cheadle | Scarlett Johansson | Sam Rockwell | Samuel L. Jackson | Clark Gregg | John Slattery | Garry Shandling;https://www.wikidata.org/wiki/Q205028;
546;Chris Evans | Samuel L. Jackson | Scarlett Johansson | Chris Evans (actor) | Robert Redford | Sebastian Stan | Anthony Mackie | Cobie Smulders | Frank Grillo | Maximiliano Hernández;https://www.wikidata.org/wiki/Q1765358;
547;Chris Evans | Hugo Weaving | Samuel L. Jackson | Chris Evans (actor) | Hayley Atwell | Sebastian Stan | Tommy Lee Jones | Dominic Cooper | Richard Armitage | Stanley Tucci;https://www.wikidata.org/wiki/Q275120;
548;Chris Evans | Robert Downey Jr. | Scarlett Johansson | Chris Evans (actor) | Sebastian Stan | Anthony Mackie | Don Cheadle | Jeremy Renner | Chadwick Boseman | Paul Bettany;https://www.wikidata.org/wiki/Q18407657;
555;Mandy Moore | Zachary Levi | Donna Murphy;https://www.imdb.com/title/tt0398286/;
556;Marilou Berry | Arnaud Ducret | Josiane Balasko;https://www.wikidata.org/wiki/Q27590100;
557;Keanu Reeves | Halle Berry | Ian McShane | Lance Reddick | Laurence Fishburne | Jason Mantzoukas | Anjelica Huston | Boban Marjanović | Mark Dacascos | Asia Kate Dillon;https://www.wikidata.org/wiki/Q52951815;
558;Keanu Reeves | Michael Nyqvist | Alfie Allen | Adrianne Palicki | Bridget Moynahan | Bridget Regan | Clarke Peters | Daniel Bernhardt | David Patrick Kelly | Dean Winters;https://www.wikidata.org/wiki/Q15732802;
559;Keanu Reeves | Riccardo Scamarcio | Ian McShane | Common | Laurence Fishburne | Ruby Rose | John Leguizamo | Lance Reddick | Claudia Gerini | Bridget Moynahan;https://www.wikidata.org/wiki/Q21451640;
560;Keanu Reeves | Laurence Fishburne | George Georgiou | Ian McShane | Lance Reddick | Rina Sawayama | Donnie Yen | Shamier Anderson | Bill Skarsgård | Hiroyuki Sanada;https://www.wikidata.org/wiki/Q80322358;
689;Gerard Butler | Lena Headey | David Wenham | Dominic West | Rodrigo Santoro | Andrew Pleavin | Andrew Tiernan | David Francis | Deke Richards | Dennis St John;https://www.wikidata.org/wiki/Q131390;
716;Chris Pine | Michelle Rodriguez | Regé-Jean Page | Hugh Grant | Justice Smith | Sophia Lillis | Chloe Coleman | Jason Wong | Daisy Head;https://www.wikidata.org/wiki/Q105554572;
717;Xolo Maridueña | Bruna Marquezine | Becky G | Susan Sarandon | Raoul Trujillo | Damián Alcázar | George Lopez | Elpidia Carrillo | Adriana Barraza | Harvey Guillén;https://www.wikidata.org/wiki/Q107808351;
718;Michael Keaton | Winona Ryder | Catherine O'Hara | Jenna Ortega | Justin Theroux | Monica Bellucci | Willem Dafoe | Burn Gorman | Arthur Conti | Santiago Cabrera;https://www.wikidata.org/wiki/Q112865900;
719;José Garcia | Gilbert Melki | Carmen Maura | Alain Fromager | Arsène Mosca | Catalina Denis | Doudou Masta | Jean-François Malet | Jo Prestia | Laurent Bateau;https://www.wikidata.org/wiki/Q1809960;
726;Chadwick Boseman | Michael B. Jordan | Lupita Nyong'o | Danai Gurira | Martin Freeman | Daniel Kaluuya | Letitia Wright | Winston Duke | Sterling K. Brown | Angela Bassett;https://www.wikidata.org/wiki/Q23780734;
727;Scarlett Johansson | Florence Pugh | David Harbour | Rachel Weisz | O. T. Fagbenle | Ray Winstone | William Damaged | Ahmed Bakare | Joakim Skarli | Simona Brown-Zivkovska;https://www.wikidata.org/wiki/Q23894626;
728;Paul Rudd | Evangeline Lilly | Michael Douglas | Michelle Pfeiffer | Kathryn Newton | Jonathan Majors | Randall Park | Bill Murray | Gregg Turkington | William Jackson Harper;https://www.wikidata.org/wiki/Q105359456;
729;Paul Rudd | Michael Douglas | Corey Stoll | Evangeline Lilly | Bobby Cannavale | Anthony Mackie | Judy Greer | Abby Ryder Fortson | Michael Peña | David Dastmalchian;https://www.wikidata.org/wiki/Q5901134;
730;Brie Larson | Samuel L. Jackson | Ben Mendelsohn | Jude Law | Annette Bening | Djimon Hounsou | Lee Pace | Lashana Lynch | Gemma Chan | Clark Gregg;https://www.wikidata.org/wiki/Q23781129;
731;Benedict Cumberbatch | Chiwetel Ejiofor | Rachel McAdams | Benedict Wong | Mads Mikkelsen | Tilda Swinton | Michael Stuhlbarg | Benjamin Bratt | Scott Adkins | Zara Phythian;https://www.wikidata.org/wiki/Q18406872;
737;Jared Leto | Matt Smith | Adria Arjona | Jared Harris | Tyrese Gibson | Michael Keaton | Corey Johnson | Al Madrigal;https://www.wikidata.org/wiki/Q55405369;
740;Simu Liu | Awkwafina | Tony Leung Chiu-wai | Tony Leung | Fala Chen | Florian Munteanu | Ronny Chieng | Ben Kingsley | Benedict Wong | Michelle Yeoh;https://www.wikidata.org/wiki/Q65768589;
753;Rowan Atkinson | Ben Miller | Olga Kurylenko | Emma Thompson | Jake Lacy | Michael Gambon | Matthew Beard | Edward Fox | Charles Dance | Irena Tyshyna;https://www.wikidata.org/wiki/Q35160593;
754;Rowan Atkinson | Rosamund Pike | Dominic West | Gillian Anderson | Daniel Kaluuya | Richard Schiff | Tim McInnerny | Burn Gorman | Joséphine de La Baume | Rupert Vansittart;https://www.wikidata.org/wiki/Q967478;
755;Chris Hemsworth | Tom Hiddleston | Cate Blanchett | Idris Elba | Jeff Goldblum | Tessa Thompson | Karl Urban | Mark Ruffalo | Anthony Hopkins | Benedict Cumberbatch;https://www.wikidata.org/wiki/Q22665878;
756;Chris Hemsworth | Natalie Portman | Tom Hiddleston | Anthony Hopkins | Christopher Eccleston | Jaimie Alexander | Zachary Levi | Ray Stevenson | Tadanobu Asano | Idris Elba;https://www.wikidata.org/wiki/Q1201853;
757;Tom Holland | Michael Keaton | Robert Downey Jr. | Marisa Tomei | Jon Favreau | Gwyneth Paltrow | Zendaya | Donald Glover | Jacob Batalon | Laura Harrier;https://www.wikidata.org/wiki/Q23010088;
758;Chris Pratt | Vin Diesel | Bradley Cooper | Zoe Sandalia | Dave Bautista | Lee Pace | Michael Rooker | Karen Gillan | Djimon Hounsou | John C. Reilly;https://www.wikidata.org/wiki/Q5887360;
759;Jason Sudeikis | Josh Gad | Danny McBride;https://www.imdb.com/title/tt1985949/;
760;Jason Sudeikis | Josh Gad | Leslie Jones;https://www.imdb.com/title/tt6095472/;
761;Tom Holland | Samuel L. Jackson | Jake Gyllenhaal | Marisa Tomei | Jon Favreau | Zendaya | Jacob Batalon | Tony Revolori | Angourie Rice | Remy Hii;https://www.wikidata.org/wiki/Q27985819;
762;Chris Pratt | Zoe Saldaña | Dave Bautista | Zoe Sandalia | Michael Rooker | Karen Gillan | Pom Klementieff | Sylvester Stallone | Kurt Russell | Elizabeth Debicki;https://www.wikidata.org/wiki/Q20001199;
763;Tony Leung Chiu-wai | Takeshi Kaneshiro | Fengyi Zhang | Tony Leung | Zhang Fengyi | Chang Chen | Lin Chi-ling | Zhao Wei | Hu Jun | Nakamura Shidō II;https://www.wikidata.org/wiki/Q815606;
764;Tony Leung Chiu-wai | Takeshi Kaneshiro | Fengyi Zhang | Tony Leung | Zhang Fengyi | Chang Chen | Lin Chi-ling | Zhao Wei | Hu Jun | Nakamura Shidō II;https://www.wikidata.org/wiki/Q815606;
765;Terence Hill | Bud Spencer | Boots Southerland | Jonathan Tucker | Anne Kasprik | Fritz Sperberg | Jess Hill | Diego Sabre | Frank Braña | Ron Carey;https://www.wikidata.org/wiki/Q473829;
766;Will Smith | Mena Massoud | Naomi Scott | Marwan Kenzari | Navid Negahban | Nasim Pedrad | Billy Magnussen | Numan Acar | Alan Tudyk | Joey Ansah;https://www.wikidata.org/wiki/Q27188178;Correspondance retenue : Aladdin en prises de vues réelles (2019).
767;Matthew McConaughey | Anne Hathaway | Jessica Chastain | Michael Caine | Bill Irwin | Ellen Burstyn | Wes Bentley | Matt Damon | David Gyasi | Josh Stewart;https://www.wikidata.org/wiki/Q13417189;
768;Treat Williams | Famke Janssen | Anthony Heald | Kevin J. O'Connor | Wes Studi | Derrick O'Connor | Cliff Curtis | Una Damon | Djimon Hounsou | Jason Flemyng;https://www.wikidata.org/wiki/Q1146977;
769;Tom Hardy | Michelle Williams | Riz Ahmed | Jenny Slate | Woody Harrelson | Reid Scott | Stan Lee | Scott Haze | Wayne Pére | Ellen Gerstein;https://www.wikidata.org/wiki/Q23006268;
770;Leonardo DiCaprio | Joseph Gordon-Levitt | Elliot Page | Ken Watanabe | Marion Cotillard | Tom Hardy | Cillian Murphy | Tom Berenger | Michael Caine | Dileep Rao;https://www.wikidata.org/wiki/Q25188;
771;Travis Fimmel | Paula Patton | Ben Foster | Dominic Cooper | Ben Schnetzer | Ruth Negga | Callum Keith Rennie | Toby Kebbell | Robert Kazinsky | Clancy Brown;https://www.wikidata.org/wiki/Q14513321;
772;Christopher Lambert | Mario Van Peebles | Deborah Kara Unger | Mako | Raoul Trujillo | Daniel Dõ | John Dunn-Hill | Louis Bertignac | Martin Neufeld | Michael Jayston;https://www.wikidata.org/wiki/Q994209;
774;Harrison Ford | Rutger Hauer | Sean Young | Edward James Olmos | Daryl Hannah | Brion James | Joanna Cassidy | M. Emmet Walsh | Joe Turkel | William Sanderson;https://www.wikidata.org/wiki/Q184843;
775;Harrison Ford | Ryan Gosling | Ana de Armas | Robin Wright | Dave Bautista | Sylvia Hoeks | Mackenzie Davis | Barkhad Abdi | David Dastmalchian | Hiam Abbass;https://www.wikidata.org/wiki/Q21500755;
776;Matt Damon | Christian Bale | Jon Bernthal | Caitríona Balfe | Noah Jupe | Josh Lucas | Tracy Letts | Remo Girone | Ray McKinnon | JJ Feild;https://www.wikidata.org/wiki/Q55081822;
777;John Boyega | Scott Eastwood | Cailee Spaeny | Rinko Kikuchi | Adria Arjona | Charlie Day | Jing Tian | Burn Gorman | Rahart Adams | Dustin Clare;https://www.wikidata.org/wiki/Q27826501;
778;Philippe Lacheau | Élodie Fontan | Tarek Boudali | Didier Bourdon | Pamela Anderson;https://www.wikidata.org/wiki/Q55598765;
779;Terence Hill | Bud Spencer | Buffy Dee | David Huddleston | Riccardo Pizzuti | Faith Minton | Harold Bergman | Woody Woodbury | Giancarlo Bastianoni | Jeff Moldovan;https://www.wikidata.org/wiki/Q232175;
780;Terence Hill | Bud Spencer | Yanti Somer | Jessica Dublin | Harry Carey | Enzo Fiermonte | Dana Ghia | Riccardo Pizzuti | Enzo Tarascio | Pupo De Luca;https://www.wikidata.org/wiki/Q589001;
781;Terence Hill | Bud Spencer | Steffen Zacharias | Farley Granger | Remo Capitani | Dan Sturkie | Ezio Marano | Luciano Rossi | Gisela Hahn | Elena Pedemonte;https://www.wikidata.org/wiki/Q598709;
782;Dustin Hoffman | Robin Williams | Julia Roberts | Bob Hoskins | Maggie Smith | Charlie Korsmo | Caroline Goodall | Gwyneth Paltrow | Dante Basco | Arthur Malet;https://www.wikidata.org/wiki/Q646389;
783;Ben Affleck | Henry Cavill | Amy Adams | Jesse Eisenberg | Diane Lane | Laurence Fishburne | Jeremy Irons | Holly Hunter | Gal Gadot | Kevin Costner;https://www.wikidata.org/wiki/Q14772351;
784;Jackie Chan | Yixing Zhang | Miya Muqi | Aarif Rahman | Lay | Sonu Sood | Disha Patani | Zhang Guoli | Amyra Dastur | Eric Tsang;https://www.wikidata.org/wiki/Q19961444;
785;Leslie Nielsen | Priscilla Presley | George Kennedy | O. J. Simpson | Fred Ward | Kathleen Freeman | Anna Nicole Smith | Bruce A. Young | Earl Boen | Ellen Greene;https://www.wikidata.org/wiki/Q385309;
786;Vin Diesel | Rose Leslie | Elijah Wood | Ólafur Darri Ólafsson | Rena Owen | Julie Engelbrecht | Michael Caine | Joe Gilgun | Isaach de Bankolé | Michael Halsey;https://www.wikidata.org/wiki/Q17984058;
787;T.J. Miller | James Corden | Anna Faris;https://www.imdb.com/title/tt4877122/;
788;Idris Elba | Matthew McConaughey | Tom Taylor | Katheryn Winnick | Jackie Earle Haley | Fran Kranz | Abbey Lee | Michael Barbieri | Claudia Kim | José Zúñiga;https://www.wikidata.org/wiki/Q21647114;
789;Rhona Mitra | Michael Sheen | Bill Nighy | Kevin Grevioux | Steven Mackintosh | Kate Beckinsale | Craig Parker | Shane Brolly;https://www.wikidata.org/wiki/Q755715;
790;Kate Beckinsale | Scott Speedman | Bill Nighy | Tony Curran | Derek Jacobi | Michael O'Shea | Michael Sheen | Shane Brolly | Sophia Myles | Steven Mackintosh;https://www.wikidata.org/wiki/Q646025;
791;Kate Beckinsale | Scott Speedman | Shane Brolly | Michael Sheen | Erwin Leder | Bill Nighy | Sophia Myles | Wentworth Miller | Zita Görög | Robbie Gee;https://www.wikidata.org/wiki/Q164804;
792;Dylan Everett | James Caan | Greta Onieogou;https://www.imdb.com/title/tt3891538/;
793;Hugh Jackman | Kate Beckinsale | Richard Roxburgh | David Wenham | Will Kemp | Kevin J. O'Connor | Shuler Hensley | Silvia Colloca | Josie Maran | Elena Anaya;https://www.wikidata.org/wiki/Q211009;
794;Kate Beckinsale | Theo James | Tobias Menzies | Trent Garrett | Lara Pulver | Peter Andersson | Bradley James | Charles Dance | James Faulkner | Brian Caspe;https://www.wikidata.org/wiki/Q21130624;
795;Kate Beckinsale | Michael Ealy | India Eisley | Sandrine Holt | Theo James | Stephen Rea | Charles Dance | Catlin Adams | Kris Holden-Ried | Michael Sheen;https://www.wikidata.org/wiki/Q680989;
796;Amy Poehler | Maya Hawke | Kensington Tallman;https://www.imdb.com/title/tt22022452/;
797;Amy Poehler | Bill Hader | Lewis Black;https://www.imdb.com/title/tt2096673/;
798;Kurt Russell | James Spader | Jaye Davidson | Mili Avital | Viveca Lindfors | John Diehl | Erick Avari | Alexis Cruz | Djimon Hounsou | Frank Welker;https://www.wikidata.org/wiki/Q105801;
799;Jim Carrey | Taylor Momsen | Kelley | Jeffrey Tambor | Christine Baranski | Bill Irwin | Molly Shannon | Clint Howard | Josh Ryan Evans | Ron Howard;https://www.wikidata.org/wiki/Q131864;
801;Leonardo DiCaprio | Jonah Hill | Margot Robbie | Matthew McConaughey | Jon Favreau | Kyle Chandler | Rob Reiner | Jean Dujardin | Christine Ebersole | Cristin Milioti;https://www.wikidata.org/wiki/Q1392744;
803;Jim Carrey | Ben Schwartz | Keanu Reeves | James Marsden | Tika Sumpter | Krysten Ritter | Lee Majdoub | Alyla Browne | Natasha Rothwell | Shemar Moore;https://www.wikidata.org/wiki/Q115859490;
806;Ben Schwartz | James Marsden | Jim Carrey | Tika Sumpter | Adam Pally | Neal McDonough | Lee Majdoub | Natasha Rothwell | Tom Butler | Melody Nosipho Niemann;https://www.wikidata.org/wiki/Q29906232;
807;Vin Diesel | Eiza González | Sam Heughan | Toby Kebbell | Guy Pearce;https://www.wikidata.org/wiki/Q56033171;
808;Jason Statham | Bingbing Li | Rainn Wilson | Li Bingbing | Winston Chao | Cliff Curtis | Ruby Rose | Page Kennedy | Jessica McNamee | Ólafur Darri Ólafsson;https://www.wikidata.org/wiki/Q27957869;
809;Brad Pitt | Mireille Enos | Daniella Kertesz | James Badge Dale | Matthew Fox | David Morse | Eric West | David Andrews | Ludi Boeken | Moritz Bleibtreu;https://www.wikidata.org/wiki/Q28196;
810;Thomas Jane | Marcia Gay Harden | Laurie Holden | Andre Braugher | Toby Jones | Alexa Davalos | Buck Taylor | Chris Owen | Frances Sternhagen | Jeffrey DeMunn;https://www.wikidata.org/wiki/Q695209;
811;Emily Browning | Vanessa Hudgens | Abbie Cornish | Jena Malone | Jamie Chung | Carla Gugino | Scott Glenn | Oscar Isaac | Jon Hamm | James Lafferty;https://www.wikidata.org/wiki/Q621587;
812;Steve Carell | Jason Segel | Russell Brand;https://www.imdb.com/title/tt1323594/;
813;Steve Carell | Kristen Wiig | Benjamin Bratt;https://www.imdb.com/title/tt1690953/;
814;Steve Carell | Kristen Wiig | Pierre Coffin;https://www.imdb.com/title/tt7510222/;
815;Steve Carell | Kristen Wiig | Trey Parker;https://www.imdb.com/title/tt3469046/;
816;Will Smith | Bridget Moynahan | Bruce Greenwood | James Cromwell | Chi McBride | Alan Tudyk | Shia LaBeouf | Aaron Douglas | Emily Tennant | Terry Chen;https://www.wikidata.org/wiki/Q200572;
817;Ben Stiller | Chris Rock | David Schwimmer;https://www.imdb.com/title/tt0479952/;
818;Chris Rock | Ben Stiller | David Schwimmer;https://www.imdb.com/title/tt0351283/;
819;Ben Stiller | Jada Pinkett Smith | Chris Rock;https://www.imdb.com/title/tt1277953/;
820;James Marsden | Jim Carrey | Ben Schwartz | Tika Sumpter | Adam Pally | Natasha Rothwell | Lee Majdoub | Shemar Moore;https://www.wikidata.org/wiki/Q105970894;
821;Cate Blanchett | Kevin Hart | Edgar Ramírez | Jack Black | Jamie Lee Curtis | Ariana Greenblatt | Florian Munteanu | Haley Bennett | Olivier Richters | Janina Gavankar;https://www.wikidata.org/wiki/Q106329715;
822;Hugh Grant | Sophie Thatcher | Chloe East;https://www.wikidata.org/wiki/Q122933268;
834;Jackie Earle Haley | Patrick Wilson | Carla Gugino | Billy Crudup | Malin Akerman | Matthew Goode | Jeffrey Dean Morgan | Stephen McHattie | Matt Frewer | Dan Payne;https://www.wikidata.org/wiki/Q162182;
865;Oji Suzuka | Marie Iitoyo | Tasuku Hatanaka;https://www.imdb.com/title/tt17382524/;
866;Auli'i Cravalho | Dwayne Johnson | Hualalai Chung;https://www.imdb.com/title/tt13622970/;
1084;Robert John Burke | Nancy Allen | Mario Machado | Rip Torn | John Castle | Jill Hennessy | Mako | CCH Pounder | Remy Ryan | Daniel von Bargen;https://www.wikidata.org/wiki/Q841233;
1085;Peter Weller | Nancy Allen | Belinda Bauer | Dan O'Herlihy | Tom Noonan | Gabriel Damon | Felton Perry | Galyn Görg | John Glover | Frank Miller;https://www.wikidata.org/wiki/Q834021;
1086;Ryûnosuke Kamiki | Minami Hamabe | Yuki Yamada | Munetaka Aoki | Hidetaka Yoshioka | Sakura Andō | Kuranosuke Sasaki;https://www.wikidata.org/wiki/Q115053037;
1087;Ryan Gosling | Emily Blunt | Aaron Taylor-Johnson | Stephanie Hsu | Winston Duke | Hannah Waddingham | Teresa Palmer | Adam Dunn | Zara Michales | Ben Knight;https://www.wikidata.org/wiki/Q113671585;
1088;Chris Pratt | Anya Taylor-Joy | Charlie Day;https://www.imdb.com/title/tt6718170/;
1089;Daniel Radcliffe | Rupert Grint | Emma Watson | John Cleese | Robbie Coltrane | Warwick Davis | Richard Griffiths | Richard Harris | John Hurt | Alan Rickman;https://www.wikidata.org/wiki/Q102438;
1090;Daniel Radcliffe | Rupert Grint | Emma Watson | Warwick Davis | Kenneth Branagh | Alan Rickman | Fiona Shaw | Julie Walters | Maggie Smith | Robbie Coltrane;https://www.wikidata.org/wiki/Q102244;
1091;Daniel Radcliffe | Emma Watson | Rupert Grint | Robbie Coltrane | Michael Gambon | Richard Griffiths | Gary Oldman | Alan Rickman | Fiona Shaw | Maggie Smith;https://www.wikidata.org/wiki/Q102448;
1092;Daniel Radcliffe | Emma Watson | Rupert Grint | Robbie Coltrane | Ralph Fiennes | Michael Gambon | Brendan Gleeson | Jason Isaacs | Gary Oldman | Alan Rickman;https://www.wikidata.org/wiki/Q102225;
1093;Daniel Radcliffe | Emma Watson | Rupert Grint | Helena Bonham Carter | Robbie Coltrane | Warwick Davis | Ralph Fiennes | Michael Gambon | Brendan Gleeson | Richard Griffiths;https://www.wikidata.org/wiki/Q102235;
1094;Daniel Radcliffe | Emma Watson | Rupert Grint | Michael Gambon | Jim Broadbent | Tom Felton | Alan Rickman | Bonnie Wright | Evanna Lynch | Jessie Cave;https://www.wikidata.org/wiki/Q161687;
1095;Daniel Radcliffe | Emma Watson | Rupert Grint | Ralph Fiennes | Michael Gambon | Alan Rickman | Maggie Smith | Helena Bonham Carter | Tom Felton | Jason Isaacs;https://www.wikidata.org/wiki/Q232009;
1096;Daniel Radcliffe | Emma Watson | Rupert Grint | Ralph Fiennes | Helena Bonham Carter | Tom Felton | Jason Isaacs | Helen McCrory | Rhys Ifans | Evanna Lynch;https://www.wikidata.org/wiki/Q161678;
1097;Brie Larson | Teyonah Parris | Iman Vellani | Samuel L. Jackson | Zawe Ashton | Park Seo-joon | Zenobia Shroff | Mohan Kapur | Saagar Shaikh | Lashana Lynch;https://www.wikidata.org/wiki/Q89474225;
1110;Théo Christine | Sofia Lesaffre | Jérôme Niel | Finnegan Oldfield | Marie-Philomène Nga | Emmanuel Bonami | Xing Xing Cheng;https://www.wikidata.org/wiki/Q122703548;
1111;Dwayne Johnson | Carla Gugino | Alexandra Daddario | Ioan Gruffudd | Archie Panjabi | Paul Giamatti | Hugo Johnstone-Burt | Art Parkinson | Will Yun Lee | Kylie Minogue;https://www.wikidata.org/wiki/Q15973073;
1112;Paul Rudd | Carrie Coon | Finn Wolfhard | Mckenna Grace | Celeste O'Connor | Ernie Hudson | Patton Oswalt | James Acaster | Emily Alyn Lind | Bill Murray;https://www.wikidata.org/wiki/Q113300586;
1113;Michael J. Fox | Jim Varney | Corey Burton;https://www.imdb.com/title/tt0230011/;
1114;Jack Black | Awkwafina | Viola Davis;https://www.imdb.com/title/tt21692408/;
1115;Sébastien De Dominicis | Yacine Belhousse | Alexandre Astier;https://www.imdb.com/title/tt29926419/;
1116;Jason Statham | Jessica Alba | Tommy Lee Jones | Michelle Yeoh | Sam Hazeldine;https://www.wikidata.org/wiki/Q18552037;
1161;Rosa Salazar | Christoph Waltz | Jennifer Connelly | Keean Johnson | Mahershala Ali | Ed Skrein | Jackie Earle Haley | Lana Condor | Eiza Gonzalez | Marko Zaror;https://www.wikidata.org/wiki/Q24053265;
1162;Sharlto Copley | Dev Patel | Hugh Jackman | Sigourney Weaver | Jose Pablo Cantillo | Yolandi Visser | Watkin Tudor Jones | Brandon Auret | Anderson Cooper | Jason Cope;https://www.wikidata.org/wiki/Q15209986;
1163;Jack Black | Cate Blanchett | Owen Vaccaro | Kyle MacLachlan | Renée Elise Goldsberry | Colleen Camp | Sunny Suljic | Lorenza Izzo | Braxton Bjerken | Vanessa Anne Williams;https://www.wikidata.org/wiki/Q42914959;
1164;Adam Driver | Ariana Greenblatt | Chloe Coleman | Nika King;https://www.wikidata.org/wiki/Q104187039;
1165;Jeremy Renner | Ed Helms | Jake Johnson | Annabelle Wallis | Rashida Jones | Hannibal Buress | Jon Hamm | Isla Fisher | Brian Dennehy | Leslie Bibb;https://www.wikidata.org/wiki/Q30612098;
1166;Tony Shalhoub | Shannon Elizabeth | Embeth Davidtz | F. Murray Abraham | Matthew Lillard | JR Bourne | Rah Digga | Charles André | John DeSantis | Matthew Harrison;https://www.wikidata.org/wiki/Q186864;
1167;Mel Brooks | John Candy | Rick Moranis | Bill Pullman | Daphne Zuniga | Dick Van Patten | Joan Rivers | Jim J. Bullock | Bubba Smith | Dom DeLuise;https://www.wikidata.org/wiki/Q498442;
1169;Terence Hill | Bud Spencer | Luciano Catenacci | Marisa Laurito | Sal Borgese | Carlo Reali | Riccardo Pizzuti | Claudio Ruffini | Vincenzo Maggio | Thomas Danneberg;https://www.wikidata.org/wiki/Q180638;
1171;Terence Hill | Bud Spencer | C.B. Seay | Buffy Dee | Richard Liberty | Harold Bergman | Luke Halpin | Michael Warren | Emilio Messina | C.V. Wood;https://www.wikidata.org/wiki/Q942657;
1172;Radha Mitchell | Cole Hauser | Vin Diesel | Lewis Fitz-Gerald | Claudia Black | Keith David;https://www.wikidata.org/wiki/Q429934;
1174;Laurence Fishburne | Sam Neill | Kathleen Quinlan | Joely Richardson | Jason Isaacs | Richard T. Jones | Jack Noseworthy | Noah Huntley | Sean Pertwee | Emily Booth;https://www.wikidata.org/wiki/Q849162;
1176;Eric Bauza | Timothy Omundson | Graham Verchere | Jordana Largy | Adrian Glynn McMorran;https://www.wikidata.org/wiki/Q27671063;
1177;Dane DeHaan | Cara Delevingne | Clive Owen | Rihanna | Ethan Hawke | Herbie Hancock | Kris Wu | Rutger Hauer | Sam Spruell;https://www.wikidata.org/wiki/Q20926273;
1178;Hugo Weaving | Natalie Portman | Rupert Graves | Stephen Rea | John Hurt | Stephen Fry | Roger Allam | Ben Miles | Imogen Poots | Eddie Marsan;https://www.wikidata.org/wiki/Q5890;
1179;Bill Murray | Andie MacDowell | Chris Elliott | Stephen Tobolowsky | Brian Doyle-Murray | Rick Ducommun | Willie Garson | Harold Ramis | Michael Shannon | Robin Duke;https://www.wikidata.org/wiki/Q488655;
1180;Andy Lau | Sammo Kam-Bo Hung | Maggie Q | Sammo Hung | Vanness Wu | Andy On | Ti Lung;https://www.wikidata.org/wiki/Q703857;
1181;Tom Hanks | Aaron Eckhart | Laura Linney | Anna Gunn | Sam Huntington | Shane P. Allen | Autumn Reeser | Jamey Sheridan | Holt McCallany | Jerry Ferrara;https://www.wikidata.org/wiki/Q21062112;
1182;Ryan Reynolds | Samuel L. Jackson | Gary Oldman | Élodie Yung | Salma Hayek | Joaquim de Almeida | Kirsty Mitchell | Richard E. Grant | Sam Hazeldine | Barry Atsma;https://www.wikidata.org/wiki/Q23796644;
1183;Kelly Macdonald | Billy Connolly | Emma Thompson;https://www.imdb.com/title/tt1217209/;
1184;Hugh Jackman | Evangeline Lilly | Dakota Goyo | Anthony Mackie | Kevin Durand | Hope Davis | James Rebhorn | Karl Yune | David Alan Basche | Phil LaMarr;https://www.wikidata.org/wiki/Q261759;
1185;Dany Boon | Laurence Arné | Noémie Schmidt | Patrick Ridremont | Sébastien Chabal | Karina Marimon | Pierre Diot | Jérémy Lopez | Jean-Luc Porraz | Stéphan Wojtowicz;https://www.wikidata.org/wiki/Q27642895;
1186;Jennifer Lawrence | Chris Pratt | Michael Sheen | Laurence Fishburne | Andy Garcia | Aurora Perrineau | Fred Melamed | Julee Cerda | Nazanin Boniadi;https://www.wikidata.org/wiki/Q20962283;
1187;Adam Sandler | Kevin James | Michelle Monaghan | Josh Gad | Peter Dinklage | Matt Lintz | Brian Cox | Jane Krakowski | Dan Aykroyd | Affion Crockett;https://www.wikidata.org/wiki/Q17182905;
1188;Jim Caviezel | Sophia Myles | Ron Perlman | Jack Huston | John Hurt | Aidan Devine;https://www.wikidata.org/wiki/Q651950;
1189;Konstantin Khabensky | Vladimir Menshov | Mariya Poroshina | Valeri Zolotukhin | Aleksey Chadov | Jeanna Friske | Viktor Verzhbitsky | Gosha Kutsenko | Maria Mironova | Nikolay Olyalin;https://www.wikidata.org/wiki/Q1045388;
1190;Vadim Tsallati | Violetta Getmanskaya | Venyamin Smekhov | Viktor Verzhbitsky | Veniamin Smekhov | Yuriy Chursin | Vyacheslav Razbegaev | Olga Tumaykina | Andrei Chadov | Natalya Rudova;https://www.wikidata.org/wiki/Q22953531;
1191;Charles Martin Smith | Stephen W. Burns | Cloris Leachman | Harvey Korman | John Vernon | Elyssa Davalos | Joaquin Garay, III | Richard Jaeckel | Alex Rocco | Vito Scotti;https://www.wikidata.org/wiki/Q732518;
1192;Tim Robbins | Morgan Freeman | Bob Gunton | William Sadler | James Whitmore | Clancy Brown | Gil Bellows | Mark Rolston | Jeffrey DeMunn | Jude Ciccolella;https://www.wikidata.org/wiki/Q172241;
1193;Hugh Jackman | Patrick Stewart | Dafne Keen | Boyd Holbrook | Stephen Merchant | Elizabeth Rodriguez | Richard E. Grant | Eriq La Salle | Elise Neal;https://www.wikidata.org/wiki/Q24053263;
1194;Jake Gyllenhaal | Rebecca Ferguson | Ryan Reynolds | Hiroyuki Sanada | Ariyon Bakare | Olga Dykhovichnaya | Naoko Mori;https://www.wikidata.org/wiki/Q26465665;
1195;Christian Clavier | Jean Reno | Franck Dubosc | Karin Viard | Marie-Anne Chazel | Frédérique Bel | Sylvie Testud | Ary Abittan | Alex Lutz | Stéphanie Crayencour;https://www.wikidata.org/wiki/Q19826654;
1196;Adam Driver | Giancarlo Esposito | Nathalie Emmanuel | Forest Whitaker | Jon Voight | Laurence Fishburne | Aubrey Plaza | Shia LaBeouf | Kathryn Hunter | Dustin Hoffman;https://www.wikidata.org/wiki/Q115175910;
1258;Brenton Thwaites | John Samaha | Courtney Eaton | Nikolaj Coster-Waldau | Gerard Butler | Élodie Yung | Geoffrey Rush | Chadwick Boseman | Bryan Brown | Rachael Blake;https://www.wikidata.org/wiki/Q15972938;
1259;Audrey Fleurot | Michaël Youn | Michèle Laroque | Lionnel Astier | Julien Frison;https://www.wikidata.org/wiki/Q23710139;
1260;Justin Ray | Kassandra Voyagis | Michael Swan | C. Thomas Howell;https://www.wikidata.org/wiki/Q29075113;
1261;Jack Black | Bryan Cranston | Dustin Hoffman;https://www.imdb.com/title/tt2267968/;
1361;Milla Jovovich | Michelle Rodriguez | Ryan McCluskey | Eric Mabius | James Purefoy | Martin Crewes | Colin Salmon | Joseph May | Heike Makatsch | Jason Isaacs;https://www.wikidata.org/wiki/Q153484;
1362;Milla Jovovich | Sienna Guillory | Eric Mabius | Oded Fehr | Thomas Kretschmann | Jared Harris | Mike Epps | Sophie Vavasseur | Razaaq Adoti | Sandrine Holt;https://www.wikidata.org/wiki/Q161400;
1363;Milla Jovovich | Ali Larter | Oded Fehr | Iain Glen | Ashanti | Mike Epps | Chris Egan | Spencer Locke | Rusty Joiner | Matthew Marsden;https://www.wikidata.org/wiki/Q156069;
1364;Milla Jovovich | Ali Larter | Wentworth Miller | Sienna Guillory | Kim Coates | Shawn Roberts | Spencer Locke | Kacey Barnfield | Boris Kodjoe | Mika Nakashima;https://www.wikidata.org/wiki/Q324557;
1365;Milla Jovovich | Sienna Guillory | Michelle Rodriguez | Kevin Durand | Shawn Roberts | Aryana Engineer | Colin Salmon | Johann Urb | Boris Kodjoe | Li Bingbing;https://www.wikidata.org/wiki/Q83542;
1366;Milla Jovovich | Iain Glen | Ali Larter | Shawn Roberts | Ruby Rose | Eoin Macken | William Levy | Lee Joon-gi | Colin Salmon | Martin Crewes;https://www.wikidata.org/wiki/Q12049257;
1367;George Clooney | Britt Robertson | Hugh Laurie | Raffey Cassidy | Tim McGraw | Kathryn Hahn | Keegan-Michael Key | Chris Bauer | Thomas Robinson | Pierce Gagnon;https://www.wikidata.org/wiki/Q7820305;
1368;Anjelica Huston | Raul Julia | Christopher Lloyd | Joan Cusack | Christina Ricci | Carol Kane | Jimmy Workman | Carel Struycken | David Krumholtz | Peter MacNicol;https://www.wikidata.org/wiki/Q204725;
1369;Anjelica Huston | Raul Julia | Christopher Lloyd | Christina Ricci | Judith Malina | Dan Hedaya | Carel Struycken | Paul Benedict | Jimmy Workman | Cousin Itt;https://www.wikidata.org/wiki/Q1210947;
1421;Sandra Bullock | Jon Hamm | Michael Keaton | Katy Mixon | Hiroyuki Sanada | Ava Acres | Lori Alan | Kyle Balda | Bob Bergen | Jim Cummings;https://www.wikidata.org/wiki/Q13619743;
1422;Jean-Paul Rouve | Isabelle Nanty | Claire Nadeau | Alain Doutey | Ariele Séménoff | Fadila Belkebla | Guy Lecluyse | Hugo Brunswick | Jacques Laffite | Jean-François Malet;https://www.wikidata.org/wiki/Q3235944;
1423;Jean-Paul Rouve | Isabelle Nanty | Claire Nadeau | Théo Fernandez | Sarah Stern | Pierre Lottin | Nicolas Maury | Olivier Baroux | Scali Delpeyrat | Ralph Amoussou;https://www.wikidata.org/wiki/Q30738504;
1424;Jean-Paul Rouve | Isabelle Nanty | Claire Nadeau;https://www.wikidata.org/wiki/Q21428079;
1425;Jean-Paul Rouve | Isabelle Nanty | Michel Blanc | Claire Nadeau | Sarah Stern | Pierre Lottin | Théo Fernandez;https://www.wikidata.org/wiki/Q65156823;
1426;Fabien Fournier | Anne-Laure Jarnet | Julien Guellerin | Frédéric Zolfanelli | Jonathan Fourcade;https://fr.wikipedia.org/wiki/Noob_%28web-s%C3%A9rie%29;Montage intégral de la saison publié en version film.
1427;Fabien Fournier | Anne-Laure Jarnet | Julien Guellerin | Frédéric Zolfanelli | Jonathan Fourcade;https://fr.wikipedia.org/wiki/Noob_%28web-s%C3%A9rie%29;Montage intégral de la saison publié en version film.
1428;Fabien Fournier | Anne-Laure Jarnet | Julien Guellerin | Frédéric Zolfanelli | Jonathan Fourcade;https://fr.wikipedia.org/wiki/Noob_%28web-s%C3%A9rie%29;Montage intégral de la saison publié en version film.
1429;Fabien Fournier | Anne-Laure Jarnet | Julien Guellerin | Frédéric Zolfanelli | Jonathan Fourcade;https://fr.wikipedia.org/wiki/Noob_%28web-s%C3%A9rie%29;Montage intégral de la saison publié en version film.
1430;Fabien Fournier | Anne-Laure Jarnet | Julien Guellerin | Frédéric Zolfanelli | Jonathan Fourcade;https://fr.wikipedia.org/wiki/Noob_%28web-s%C3%A9rie%29;Montage intégral de la saison publié en version film.
1431;Fabien Fournier | Anne-Laure Jarnet | Julien Guellerin | Frédéric Zolfanelli | Jonathan Fourcade;https://fr.wikipedia.org/wiki/Noob_%28web-s%C3%A9rie%29;Montage intégral de la saison publié en version film.
1432;Fabien Fournier | Anne-Laure Jarnet | Julien Guellerin | Frédéric Zolfanelli | Jonathan Fourcade;https://fr.wikipedia.org/wiki/Noob_%28web-s%C3%A9rie%29;Montage intégral de la saison publié en version film.
1458;Ethan Hawke | Lena Headey | Max Burkholder | Adelaide Kane | Rhys Wakefield | Tony Oller | Edwin Hodge | Arija Bareikis | Chris Mulkey;https://www.wikidata.org/wiki/Q7758789;
1459;Frank Grillo | Carmen Ejogo | Zach Gilford | Kiele Sanchez | Cástulo Guerra | Edwin Hodge | Jack Conley | Justina Machado | Michael K. Williams | Noel Gugliemi;https://www.wikidata.org/wiki/Q15728784;
1460;Colin Firth | Taron Egerton | Samuel L. Jackson | Michael Caine | Sofia Boutella | Jack Davenport | Mark Strong | Mark Hamill | Samantha Womack | Velibor Topic;https://www.wikidata.org/wiki/Q15068238;
1461;Taron Egerton | Colin Firth | Mark Strong | Sophie Cookson | Julianne Moore | Pedro Pascal | Halle Berry | Channing Tatum | Jeff Bridges | Lena Endre;https://www.wikidata.org/wiki/Q23780457;
1462;Takeru Satoh | Tatsuya Fujiwara | Emi Takei | Takeru Satō | Munetaka Aoki | Ryūnosuke Kamiki | Maryjun Takahashi | Yūsuke Iseya | Tao Tsuchiya | Yōsuke Eguchi;https://www.wikidata.org/wiki/Q15284388;
1463;Takeru Satoh | Emi Takei | Yû Aoi | Takeru Satō | Munetaka Aoki | Teruyuki Kagawa | Gō Ayano | Genki Sudo | Eiji Okuda | Yōsuke Eguchi;https://www.wikidata.org/wiki/Q2750748;
1464;Takeru Satoh | Emi Takei | Tatsuya Fujiwara | Takeru Satō | Munetaka Aoki | Ryūnosuke Kamiki | Maryjun Takahashi | Ryōsuke Miura | Yūsuke Iseya | Tao Tsuchiya;https://www.wikidata.org/wiki/Q15284383;
1620;George Clooney | Brad Pitt | Amy Ryan | Austin Abrams | Poorna Jagannathan;https://www.wikidata.org/wiki/Q116470707;
1629;Michelle Dockery | Mark Wahlberg | Topher Grace;https://www.wikidata.org/wiki/Q123353613;
1630;Keanu Reeves | Jennifer Connelly | Kathy Bates | Jaden Smith | Jon Hamm | John Cleese | Kyle Chandler | Robert Knepper | Brandon T. Jackson | James Hong;https://www.wikidata.org/wiki/Q187154;
1631;Nicole de Boer | Maurice Dean Wint | David Hewlett | Nicky Guadagni | Andrew Miller | Julian Richings | Wayne Robson;https://www.wikidata.org/wiki/Q467840;
1632;Kari Matchett | Geraint Wyn Davies | Grace Lynn Kung | Matthew Ferguson | Neil Crone | Bruce Gray | Lindsey Connell | Philip Akin;https://www.wikidata.org/wiki/Q1132912;
1633;Zachary Bennett | Stephanie Moore | Martin Roach | Michael Riley | Diego Klattenhoff | David Huband | Terrie Hawkes;https://www.wikidata.org/wiki/Q676435;
1707;Ralph Macchio | Pat Morita | Elisabeth Shue | Martin Kove | William Zabka | Bruce Malmuth | Chad McQueen | Randee Heller | Frances Bay | Israel Juarbe;https://www.wikidata.org/wiki/Q846679;
1708;Pat Morita | Ralph Macchio | Pat E. Johnson | Tamlyn Tomita | Joey Miyashima | Bruce Malmuth | Martin Kove | William Zabka | Yuji Okumoto | BD Wong;https://www.wikidata.org/wiki/Q1418251;
1742;Nathan Lane | Ernie Sabella | Julie Kavner | Jerry Stiller;https://www.imdb.com/title/tt0318403/;
1743;Matthew Broderick | Neve Campbell | Andy Dick | Robert Guillaume;https://www.imdb.com/title/tt0120131/;
1744;Matthew Broderick | Jeremy Irons | James Earl Jones;https://www.imdb.com/title/tt0110357/;
1745;Roger Carel | Jacques Morel | Pierre Tornade;https://www.imdb.com/title/tt0061369/;
1746;Roger Carel | Pierre Tornade | Henri Labussière;https://www.imdb.com/title/tt0096842/;
1747;Roger Carel | Pierre Tornade | Henri Labussière;https://www.imdb.com/title/tt0109162/;
1748;Roger Carel | Lorànt Deutsch | Sara Forestier;https://www.imdb.com/title/tt0371552/;
1749;Roger Carel | Pierre Tornade | Pierre Mondy;https://www.imdb.com/title/tt0088748/;
1750;Roger Carel | Pierre Tornade | Graham Bushnell;https://www.imdb.com/title/tt0090667/;
1751;Yûichirô Umehara | Yui Ogura | Nao Tôyama;https://www.imdb.com/title/tt11151982/;
1752;Angelina Jolie | Elle Fanning | Sharlto Copley | Juno Temple | Sam Riley | Miranda Richardson | Imelda Staunton | Brenton Thwaites | Janet McTeer | Kenneth Cranham;https://www.wikidata.org/wiki/Q172271;
1753;Angelina Jolie | Elle Fanning | Harris Dickinson | Ed Skrein | Sam Riley | Michelle Pfeiffer | Chiwetel Ejiofor | Imelda Staunton | Juno Temple | Lesley Manville;https://www.wikidata.org/wiki/Q54437950;
1762;Nicolas Cage | Angelina Jolie | Giovanni Ribisi | Delroy Lindo | Will Patton | Christopher Eccleston | Chi McBride | Robert Duvall | Eleanor | Scott Caan;https://www.wikidata.org/wiki/Q502384;
1763;Chris Pratt | Yvonne Strahovski | J.K. Simmons | Betty Gilpin | Keith Powers | Sam Richardson | Edwin Hodge;https://www.wikidata.org/wiki/Q67171072;
1782;Gérard Depardieu | Kyôzô Nagatsuka | Pierre Richard | Antoine Duléry | Zinedine Soualem | Rod Paradot | Kyōko Koizumi | Akira Emoto | Bastien Bouillon | Eriko Takeda;https://www.wikidata.org/wiki/Q83373333;
1794;Casper Van Dien | Jolene Blalock | Stephen Hogan | Boris Kodjoe | Amanda Donohoe | Marnette Patterson | Stelio Savante | Cécile Breccia | Danny Keogh | Tanya van Graan;https://www.wikidata.org/wiki/Q1747317;
1795;Cary Elwes | Leigh Whannell | Danny Glover | Monica Potter | Michael Emerson | Ken Leung | Tobin Bell | Benito Martinez | Shawnee Smith | Makenzie Vega;https://www.wikidata.org/wiki/Q486239;
1796;Tobin Bell | Shawnee Smith | Angus Macfadyen | Bahar Soomekh | Dina Meyer | Donnie Wahlberg | Leigh Whannell | Costas Mandylor | Betsy Russell | Kelly Jones;https://www.wikidata.org/wiki/Q276392;
1797;Donnie Wahlberg | Beverley Mitchell | Franky G | Dina Meyer | Emmanuelle Vaugier | Erik Knudsen | Shawnee Smith | Tobin Bell | Glenn E. Plummer | Noam Jenkins;https://www.wikidata.org/wiki/Q270410;
1798;Tobin Bell | Scott Patterson | Louis Ferreira | Costas Mandylor | Betsy Russell | Donnie Wahlberg | Angus Macfadyen | Shawnee Smith | Bahar Soomekh | Dina Meyer;https://www.wikidata.org/wiki/Q326319;
1799;Tobin Bell | Costas Mandylor | Betsy Russell | Sean Patrick Flanery | Cary Elwes | Gina Holden | Dean Armstrong | Chester Bennington | Tanedra Howard | Noam Jenkins;https://www.wikidata.org/wiki/Q676284;
1800;Matt Passmore | Tobin Bell | Callum Keith Rennie | Hannah Emily Anderson | Laura Vandervoort | Paul Braunstein | Mandela Van Peebles | Brittany Allen;https://www.wikidata.org/wiki/Q15712110;
1801;Costas Mandylor | Mark Rolston | Betsy Russell | Tobin Bell | Peter Outerbridge | Shawnee Smith | Tanedra Howard | George Newbern | Devon Bostick | Karen Cliche;https://www.wikidata.org/wiki/Q834327;
1802;Scott Patterson | Costas Mandylor | Tobin Bell | Betsy Russell | Julie Benz | Meagan Good | Mark Rolston | Greg Bryk | Louis Ferreira | Donnie Wahlberg;https://www.wikidata.org/wiki/Q326177;
1836;DeWanda Wise | Taegen Burns | Pyper Braun | Betty Buckley | Tom Payne | Veronica Falcón | Dane DiLiegro;https://www.wikidata.org/wiki/Q120986976;
1837;Emily Blunt | Millicent Simmonds | Cillian Murphy | Brian Tyree Henry fuck | Noah Jupe | Mohit Malik;https://www.wikidata.org/wiki/Q53911403;
1838;Lupita Nyong'o | Joseph Quinn | Alex Wolff | Djimon Hounsou | Eliane Umuhire;https://www.wikidata.org/wiki/Q112183404;
1839;Emily Blunt | John Krasinski | Millicent Simmonds | Noah Jupe | Leon Russom;https://www.wikidata.org/wiki/Q39070473;
1840;Kumail Nanjiani | Tresi Gazal | Elizabeth Banks;https://www.imdb.com/title/tt6495056/;
1841;Kevin Hart | Tiffany Haddish | Rob Riggle | Taran Killam | Romany Malco | Keith David;https://www.wikidata.org/wiki/Q48672452;
1842;Sam Worthington | Liam Neeson | Ralph Fiennes | Gemma Arterton | Mads Mikkelsen | Alexa Davalos | Jason Flemyng | Luke Evans | Izabella Miko | Liam Cunningham;https://www.wikidata.org/wiki/Q192979;
1843;Sam Worthington | Liam Neeson | Rosamund Pike | Ralph Fiennes | Danny Huston | Édgar Ramírez | Bill Nighy | Toby Kebbell | John Bell | Kett Turton;https://www.wikidata.org/wiki/Q226773;
1844;Tobin Bell | Shawnee Smith | Synnøve Macody Lund | Steven Brand | Michael Beach | Renata Vaca | Costas Mandylor;https://www.wikidata.org/wiki/Q115734942;
1845;Wesley Snipes | Stephen Dorff | Kris Kristofferson | N'Bushe Wright | Donal Logue | Udo Kier | Tim Guinee | Sanaa Lathan | Eric Edwards | Kenny Johnson;https://www.wikidata.org/wiki/Q3429263;
1846;Wesley Snipes | Kris Kristofferson | Ron Perlman | Leonor Varela | Tony Curran | Norman Reedus | Thomas Kretschmann | Donnie Yen | Marek Vašut | Matt Schulze;https://www.wikidata.org/wiki/Q159638;
1847;Wesley Snipes | Kris Kristofferson | Parker Posey | Jessica Biel | Ryan Reynolds | Dominic Purcell | Triple H | Natasha Lyonne | Callum Keith Rennie | John Michael Higgins;https://www.wikidata.org/wiki/Q217008;
1848;Patrick Stewart | Hugh Jackman | Halle Berry | Ian McKellen | Anna Paquin | Kelsey Grammer | James Marsden | Rebecca Romijn | Shawn Ashmore | Aaron Stanford;https://www.wikidata.org/wiki/Q221168;
1849;Patrick Stewart | Hugh Jackman | Halle Berry | Ian McKellen | James Marsden | Rebecca Romijn | Brian Cox | Alan Cumming | Bruce Davison | Anna Paquin;https://www.wikidata.org/wiki/Q219776;
1850;Patrick Stewart | Hugh Jackman | Ian McKellen | Halle Berry | James Marsden | Bruce Davison | Rebecca Romijn | Ray Park | Anna Paquin | Tyler Mane;https://www.wikidata.org/wiki/Q106182;
1881;Mike Myers | Eddie Murphy | Cameron Diaz;https://www.imdb.com/title/tt0126029/;
1882;Mike Myers | Cameron Diaz | Eddie Murphy;https://www.imdb.com/title/tt0892791/;
1883;Mike Myers | Eddie Murphy | Cameron Diaz;https://www.imdb.com/title/tt0298148/;
1884;Mike Myers | Cameron Diaz | Eddie Murphy;https://www.imdb.com/title/tt0413267/;
1885;Sofia Boutella | Djimon Hounsou | Ed Skrein;https://www.imdb.com/title/tt23137904/;
1886;Sofia Boutella | Djimon Hounsou | Ed Skrein | Bae Doona | Ray Fisher | Charlie Hunnam | Jena Malone | Michiel Huisman | Staz Nair | Anthony Hopkins;https://www.wikidata.org/wiki/Q111629600;
1887;Robert Downey Jr. | Jude Law | Rachel McAdams | Mark Strong | Eddie Marsan | Kelly Reilly | James Fox | William Hope | Hans Matheson | Robert Maillet;https://www.wikidata.org/wiki/Q200396;
1888;Robert Downey Jr. | Jude Law | Jared Harris | Noomi Rapace | Stephen Fry | Rachel McAdams | Paul Anderson | Eddie Marsan | Kelly Reilly | Thierry Neuvic;https://www.wikidata.org/wiki/Q243643;
1889;Mark Hamill | Harrison Ford | Carrie Fisher | Alec Guinness | Peter Cushing | Peter Mayhew | David Prowse | Anthony Daniels | Kenny Baker | Denis Lawson;https://www.wikidata.org/wiki/Q17738;
1890;Mark Hamill | Harrison Ford | Carrie Fisher | David Prowse | Billy Dee Williams | Anthony Daniels | Kenny Baker | Peter Mayhew | Alec Guinness | Denis Lawson;https://www.wikidata.org/wiki/Q181795;
1891;Mark Hamill | Harrison Ford | Carrie Fisher | David Prowse | Ian McDiarmid | Billy Dee Williams | Anthony Daniels | Kenny Baker | Peter Mayhew | Alec Guinness;https://www.wikidata.org/wiki/Q181803;
1892;Morgan Freeman | Brad Pitt | Kevin Spacey | Gwyneth Paltrow | R. Lee Ermey | John C. McGinley | Richard Roundtree | Richard Schiff | Michael Massee | Leland Orser;https://www.wikidata.org/wiki/Q190908;
1893;Tomasz Dedek | Natalia Jedrus | Justyna Karlowska | Thomas Kretschmann | Przemyslaw Bluszcz | Michal Karmowski | Marek Kasprzyk;https://www.wikidata.org/wiki/Q125999766;
1894;Anne-Laure Jarnet | Julien Guellerin | Fabien Fournier | Frédéric Zolfanelli | Jonathan Fourcade;https://www.seriebox.com/cine/noob-les-arcanes-ultimes.html;Film indépendant de l’univers Noob.
1895;Daisy Ridley | John Boyega | Oscar Isaac | Harrison Ford | Mark Hamill | Carrie Fisher | Adam Driver | Lupita Nyong'o | Andy Serkis | Domhnall Gleeson;https://www.wikidata.org/wiki/Q6074;
1896;Daisy Ridley | John Boyega | Mark Hamill | Oscar Isaac | Adam Driver | Carrie Fisher | Domhnall Gleeson | Gwendoline Christie | Jimmy Vee | Benicio del Toro;https://www.wikidata.org/wiki/Q18486021;
1897;François Cluzet | Omar Sy | Anne Le Ny | Alba Gaïa Bellugi | Audrey Fleurot | Clotilde Mollet | Caroline Bourg | Cyril Mendy | François Bureloup | Grégoire Oestermann;https://www.wikidata.org/wiki/Q595;
1898;Alden Ehrenreich | Woody Harrelson | Emilia Clarke | Donald Glover | Joonas Suotamo | Thandiwe Newton | Paul Bettany | Phoebe Waller-Bridge | Ray Park | Erin Kellyman;https://www.wikidata.org/wiki/Q27038847;
1899;Felicity Jones | Diego Luna | Alan Tudyk | Riz Ahmed | Ben Mendelsohn | Donnie Yen | Jiang Wen | Forest Whitaker | Mads Mikkelsen | Jonathan Aris;https://www.wikidata.org/wiki/Q19590955;
1900;Daisy Ridley | John Boyega | Oscar Isaac | Adam Driver | Mark Hamill | Carrie Fisher | Billy Dee Williams | Kelly Marie Tran | Anthony Daniels | Ian McDiarmid;https://www.wikidata.org/wiki/Q20977110;
2029;Craig T. Nelson | Samuel L. Jackson | Holly Hunter;https://www.imdb.com/title/tt0317705/;
2030;Craig T. Nelson | Holly Hunter | Sarah Vowell;https://www.imdb.com/title/tt3606756/;
2054;Miles Teller | Anya Taylor-Joy | Sigourney Weaver | Sope Dirisu | William Houston | Kobna Holdbrook-Smith | James Marlowe | Julianna Kurokawa | Ruta Gedmintas | Oliver Trevena;https://www.wikidata.org/wiki/Q116971304;
2098;Brad Pitt | Eric Bana | Orlando Bloom | Diane Kruger | Peter O'Toole | Rose Byrne | Sean Bean | Brian Cox | Julie Christie | Saffron Burrows;https://www.wikidata.org/wiki/Q186587;
2210;Ewan McGregor | Liam Neeson | Natalie Portman | Jake Lloyd | Ian McDiarmid | Ahmed Best | Kenny Baker | Pernilla August | Frank Oz | Samuel L. Jackson;https://www.wikidata.org/wiki/Q165713;
2221;Hayden Christensen | Natalie Portman | Ewan McGregor | Samuel L. Jackson | Christopher Lee | Ian McDiarmid | Anthony Daniels | Kenny Baker | Pernilla August | Temuera Morrison;https://www.wikidata.org/wiki/Q181069;
2222;Hayden Christensen | Natalie Portman | Ewan McGregor | Samuel L. Jackson | Christopher Lee | Frank Oz | Ian McDiarmid | Anthony Daniels | Kenny Baker | Jimmy Smits;https://www.wikidata.org/wiki/Q42051;
2242;Vin Diesel | Michelle Rodriguez | Jason Statham | Tyrese Gibson | Ludacris | Jordana Brewster | John Cena | Nathalie Emmanuel | Sung Kang | Scott Eastwood;https://www.wikidata.org/wiki/Q31271369;
2243;Vin Diesel | Paul Walker | Michelle Rodriguez | Jordana Brewster | Matt Schulze | Thom Barry | Johnny Strong | Rick Yune | Chad Lindberg | Ted Levine;https://www.wikidata.org/wiki/Q155476;
2244;Paul Walker | Tyrese Gibson | Cole Hauser | Eva Mendes | Ludacris | Thom Barry | James Remar | Devon Aoki | Amaury Nolasco | Michael Ealy;https://www.wikidata.org/wiki/Q222867;
2245;Hugh Jackman | Will Yun Lee | Tao Okamoto | Rila Fukushima | Hiroyuki Sanada | Svetlana Khodchenkova | Famke Janssen | Haruhiko Yamanouchi | Ian McKellen | Patrick Stewart;https://www.wikidata.org/wiki/Q197491;
2246;Vin Diesel | Paul Walker | Michelle Rodriguez | Jordana Brewster | John Ortiz | Laz Alonso | Gal Gadot | Sung Kang | Liza Lapira | Shea Whigham;https://www.wikidata.org/wiki/Q380996;
2247;Vin Diesel | Paul Walker | Dwayne Johnson | Jordana Brewster | Tyrese Gibson | Sung Kang | Gal Gadot | Michelle Rodriguez | Ludacris | Matt Schulze;https://www.wikidata.org/wiki/Q401976;
2248;Vin Diesel | Paul Walker | Dwayne Johnson | Jordana Brewster | Tyrese Gibson | Michelle Rodriguez | Sung Kang | Ludacris | Luke Evans | Gina Carano;https://www.wikidata.org/wiki/Q5516100;
2249;Vin Diesel | Paul Walker | Dwayne Johnson | Tyrese Gibson | Jason Statham | Tony Jaa | Ronda Rousey | Jordana Brewster | Michelle Rodriguez | Ludacris;https://www.wikidata.org/wiki/Q14650496;
2250;Vin Diesel | Jason Statham | Dwayne Johnson | Tyrese Gibson | Michelle Rodriguez | Ludacris | Kurt Russell | Scott Eastwood | Nathalie Emmanuel | Elsa Pataky;https://www.wikidata.org/wiki/Q19829521;
2251;Dwayne Johnson | Jason Statham | Idris Elba | Vanessa Kirby | Roman Reigns | Eiza Gonzalez | Eddie Marsan | Cliff Curtis | Helen Mirren | Antonio Mancino;https://www.wikidata.org/wiki/Q56559254;
2252;Vin Diesel | Michelle Rodriguez | Jordana Brewster | Tyrese Gibson | Ludacris | John Cena | Lucas Black | Finn Cole | Anna Sawai | Vinnie Bennett;https://www.wikidata.org/wiki/Q29466808;
2255;Ron Perlman | Selma Blair | Doug Jones | Jeffrey Tambor | John Hurt | John Alexander | Luke Goss | Anna Walton | Brian Steele | Roy Dotrice;https://www.wikidata.org/wiki/Q651196;
2256;Ron Perlman | Doug Jones | Selma Blair | Jeffrey Tambor | Karel Roden | Rupert Evans | John Hurt | Brian Steele | Corey Johnson | David Hyde Pierce;https://www.wikidata.org/wiki/Q461540;
2257;Kevin Bacon | Fred Ward | Finn Carter | Reba McEntire | Michael Gross | Victor Wong | Tony Genaro | Ariana Richards | Charlotte Stewart | Richard Marcus;https://www.wikidata.org/wiki/Q835650;
2258;Michael Gross | Shawn Christian | Susan Chuang | Charlotte Stewart | Ariana Richards | Tony Genaro | Barry Livingston | Robert Jayne | Tom Everett;https://www.wikidata.org/wiki/Q1507513;
2260;Fred Ward | Chris Gartin | Helen Shaver | Michael Gross | Christopher Gartin | Marcelo Tubert | Thomas Rosales Jr. | José Ramón Rosario;https://www.wikidata.org/wiki/Q1433571;
2330;Keanu Reeves | Hiroyuki Sanada | Kô Shibasaki | Jin Akanishi | Rinko Kikuchi | Tadanobu Asano | Kajioka Junichi | Yorick van Wageningen | Togo Igawa | Tanroh Ishida;https://www.wikidata.org/wiki/Q2816898;
2331;John Krasinski | Pablo Schreiber | James Badge Dale | Max Martini | Dominic Fumusa | David Denman | Toby Stephens | Demetrius Grosse | Freddie Stroma | Alexia Barlier;https://www.wikidata.org/wiki/Q19865453;
2338;James McAvoy | Michael Fassbender | Jennifer Lawrence | Oscar Isaac | Nicholas Hoult | Rose Byrne | Evan Peters | Josh Helman | Sophie Turner | Tye Sheridan;https://www.wikidata.org/wiki/Q17042878;
2339;Dwayne Johnson | Kevin Hart | Danielle Nicolet | Aaron Paul | Amy Ryan | Megan Park | Slaine | Thomas Kretschmann | Melissa McCarthy | Jason Bateman;https://www.wikidata.org/wiki/Q19867575;
2340;Auli'i Cravalho | Dwayne Johnson | Rachel House;https://www.imdb.com/title/tt3521164/;
2341;Jason Momoa | Amber Heard | Willem Dafoe | Nicole Kidman | Dolph Lundgren | Patrick Wilson | Yahya Abdul-Mateen II | Temuera Morrison | Ludi Lin | Michael Beach;https://www.wikidata.org/wiki/Q22998395;
2342;Vin Diesel | Donnie Yen | Deepika Padukone | Samuel L. Jackson | Tony Jaa | Nina Dobrev | Ruby Rose | Kris Wu | Rory McCann | Al Sapienza;https://www.wikidata.org/wiki/Q22075020;
2343;Arnold Schwarzenegger | Jason Clarke | Emilia Clarke | Jai Courtney | Lee Byung-hun | Matt Smith | J. K. Simmons | Dayo Okeniyi | Courtney B. Vance | Michael Gladis;https://www.wikidata.org/wiki/Q15140437;
2344;Mark Wahlberg | Anthony Hopkins | Josh Duhamel | Stanley Tucci | Isabela Merced | John Turturro | Laura Haddock | Santiago Cabrera | Liam Garrigan | Jerrod Carmichael;https://www.wikidata.org/wiki/Q24251026;
2345;Alec Baldwin | Steve Buscemi | Jimmy Kimmel;https://www.imdb.com/title/tt3874544/;
2347;Alec Baldwin | James Marsden | Amy Sedaris;https://www.imdb.com/title/tt6932874/;
2348;Jesse Eisenberg | Emma Stone | Woody Harrelson | Abigail Breslin | Amber Heard | Bill Murray | Mike White | Elle Alexander | John C. Reilly | Victory Van Tuyl;https://www.wikidata.org/wiki/Q219810;
2349;Linda Hamilton | Arnold Schwarzenegger | Mackenzie Davis | Diego Boneta | Natalia Reyes | Gabriel Luna | Tom Hopper | Brett Azar | Steven Cree | Enrique Arce;https://www.wikidata.org/wiki/Q39072454;
2350;Henry Cavill | Ben Affleck | Gal Gadot | Harry Lennix | Ezra Miller | Jason Momoa | Ray Fisher | Ciarán Hinds | Jesse Eisenberg | Joe Manganiello;https://www.wikidata.org/wiki/Q94998134;
2351;Mickey Rourke | Clive Owen | Bruce Willis | Jessica Alba | Nick Stahl | Powers Boothe | Rutger Hauer | Elijah Wood | Rosario Dawson | Benicio del Toro;https://www.wikidata.org/wiki/Q192115;
2355;Mickey Rourke | Jessica Alba | Josh Brolin | Rosario Dawson | Joseph Gordon-Levitt | Eva Green | Jaime King | Bruce Willis | Powers Boothe | Jamie Chung;https://www.wikidata.org/wiki/Q1653396;
2356;Ryan Reynolds | Samuel L. Jackson | Salma Hayek | Frank Grillo | Richard E. Grant | Antonio Banderas | Morgan Freeman | Ulyana Chan;https://www.wikidata.org/wiki/Q61951885;
2357;Ethan Hawke | Juliet Rylance | James Ransone | Fred Thompson | Vincent D'Onofrio | Clare Foley;https://www.wikidata.org/wiki/Q761519;
2358;John David Washington | Robert Pattinson | Elizabeth Debicki | Dimple Kapadia | Aaron Taylor-Johnson | Clémence Poésy | Michael Caine | Kenneth Branagh | Martin Donovan | Andrew Howard;https://www.wikidata.org/wiki/Q63985561;
2359;James McAvoy | Michael Fassbender | Jennifer Lawrence | Sophie Turner | Nicholas Hoult | Tye Sheridan | Alexandra Shipp | Kodi Smit-McPhee | Evan Peters | Jessica Chastain;https://www.wikidata.org/wiki/Q31188935;
2360;Orlando Bloom | Eva Green | Liam Neeson | Jeremy Irons | David Thewlis | Brendan Gleeson | Marton Csokas | Edward Norton | Ghassan Massoud | Khaled El Nabawy;https://www.wikidata.org/wiki/Q207698;
2361;Sarah Polley | Ving Rhames | Mekhi Phifer | Jake Weber | Ty Burrell | Jayne Eastwood | Kevin Zegers | Michael Barry | Lindy Booth | Louis Ferreira;https://www.wikidata.org/wiki/Q749011;
2362;David Harbour | Milla Jovovich | Ian McShane | Sasha Lane | Daniel Dae Kim | Thomas Haden Church | Penelope Mitchell | Sophie Okonedo | Brian Gleeson | Alistair Petrie;https://www.wikidata.org/wiki/Q30895665;
2363;Colin Farrell | Anthony Hopkins | Rosario Dawson | Angelina Jolie | Val Kilmer | Jared Leto | Christopher Plummer | Jonathan Rhys Meyers | Raz Degan | Brian Blessed;https://www.wikidata.org/wiki/Q162277;
2364;Timothy Olyphant | Dougray Scott | Olga Kurylenko | Robert Knepper | Ulrich Thomsen | James Faulkner | Henry Ian Cusick | Atanas Srebrev | Anca Radici | Cyril Gueï;https://www.wikidata.org/wiki/Q691916;
2365;Kyle Chandler | Vera Farmiga | Millie Bobby Brown | Ken Watanabe | Sally Hawkins | Bradley Whitford | Thomas Middleditch | Charles Dance | O'Shea Jackson Jr. | Aisha Hinds;https://www.wikidata.org/wiki/Q17501972;
2366;Alexander Skarsgård | Millie Bobby Brown | Rebecca Hall | Eiza Gonzalez | Brian Tyree Henry fuck | Shun Oguri | Julian Dennison | Kyle Chandler | Demián Bichir | Van Marten;https://www.wikidata.org/wiki/Q56307503;
2368;Lewis Tan | Jessica McNamee | Josh Lawson | Joe Taslim | Mehcad Brooks | Tadanobu Asano | Ludi Lin | Chin Han | Hiroyuki Sanada | Laura Brent;https://www.wikidata.org/wiki/Q63862159;
2369;Roger Carel | Lorànt Deutsch | Laurent Lafitte;https://www.imdb.com/title/tt3759416/;
2370;Bernard Alane | Christian Clavier | Guillaume Briat;https://www.imdb.com/title/tt8001346/;
2371;Gal Gadot | Chris Pine | Kristen Wiig | Pedro Pascal | Lynda Carter | Sia Alipour | Natasha Rothwell | Robin Wright | Connie Nielsen | Gabriella Wilde;https://www.wikidata.org/wiki/Q33408623;
2372;Anna Faris | Charlie Sheen | Regina Hall | Simon Rex | Drew Mikuska | Leslie Nielsen | Marny Eng | Anthony Anderson | Kevin Hart | George Carlin;https://www.wikidata.org/wiki/Q635937;
2373;Will Smith | Martin Lawrence | Vanessa Hudgens | Alexander Ludwig | Joe Pantoliano | Charles Melton | Kate del Castillo | DJ Khaled | Happy Anderson | Michael Bay;https://www.wikidata.org/wiki/Q29021224;
2374;Dwayne Johnson | Jack Black | Kevin Hart | Karen Gillan | Danny DeVito | Nick Jonas | Awkwafina | Ser'Darius Blain | Madison Iseman | Morgan Turner;https://www.wikidata.org/wiki/Q60501923;
2376;Ferdia Shaw | Lara McDonnell | Josh Gad | Hong Chau | Nonso Anozie | Judi Dench | Tamara Smart | Colin Farrell | Nikesh Patel | Joshua McGuire;https://www.wikidata.org/wiki/Q12302227;
2377;Boyd Holbrook | Trevante Rhodes | Jacob Tremblay | Olivia Munn | Thomas Jane | Jake Busey | Keegan-Michael Key | Sterling K. Brown | Yvonne Strahovski | Alfie Allen;https://www.wikidata.org/wiki/Q25461297;
2378;Will Smith | Mary Elizabeth Winstead | Clive Owen | Benedict Wong;https://www.wikidata.org/wiki/Q50276507;
2379;Ewan McGregor | Rebecca Ferguson | Kyliegh Curran | Alex Essoe | Carl Lumbly | Zahn McClarnon | Bruce Greenwood | Emily Alyn Lind | Jocelin Donahue | Carel Struycken;https://www.wikidata.org/wiki/Q56881169;
2380;Pierre Richard | Yaniss Lespert | Fanny Valette | Gustave de Kervern | Macha Méril | Anna Bederke | Stéphane Bissot | Stéphanie Crayencour | Pierre Kiwitt | Philippe Chaine;https://www.wikidata.org/wiki/Q29404846;
2381;Andrew Sensenig | Barbara Crampton | Larry Fessenden | Lisa Marie | Monte Markham | Susan Gibney;https://www.wikidata.org/wiki/Q19881736;
2382;Dwayne Johnson | Karen Gillan | Kevin Hart | Jack Black | Nick Jonas | Rhys Darby | Bobby Cannavale | Missi Pyle | Madison Iseman | Tim Matheson;https://www.wikidata.org/wiki/Q20762680;
2406;Jun Fukushima | Sora Amamiya | Rie Takahashi;https://www.imdb.com/title/tt9239552/;
2436;Chris Evans | Jamie Bell | Tilda Swinton | Chris Evans (actor) | Song Kang-ho | Alison Pill | John Hurt | Octavia Spencer | Ed Harris | Ewen Bremner;https://www.wikidata.org/wiki/Q492908;
2577;Steven Ogg | Alice Lowe | Sid Phoenix;https://www.imdb.com/title/tt6134274/;
2578;Vin Diesel | Karl Urban | Katee Sackhoff | Jordi Mollà | Bokeem Woodbine | Dave Bautista | Nolan Gerard Funk | Noah Danby | Keri Hilson | Matthew Nable;https://www.wikidata.org/wiki/Q1960913;
2579;Vin Diesel | Judi Dench | Colm Feore | Karl Urban | Thandiwe Newton | Nick Chinlund | Alexa Davalos | Keith David | Linus Roache | Christina Cox;https://www.wikidata.org/wiki/Q471976;
2580;James Corden | Fayssal Bazzi | Domhnall Gleeson | Sam Neill | Rose Byrne | Sacha Horler | Marianne Jean-Baptiste | Felix Williamson | Natalie Dew | Alex Blias;https://www.wikidata.org/wiki/Q27964337;
2581;Chantal Lauby | Alain Chabat | Dominique Farrugia | Gérard Darmon | Sam Karmann | Artus de Penguern | Daniel Gélin | Dominique Besnehard | Eddy Mitchell | Éric Prat;https://www.wikidata.org/wiki/Q3024211;
2582;Chris Pratt | Bryce Dallas Howard | Rafe Spall | BD Wong | James Cromwell | Ted Levine | Jeff Goldblum | Toby Jones | Geraldine Chaplin | Michael Papajohn;https://www.wikidata.org/wiki/Q21877685;
2583;John C. Reilly | Jack McBrayer | Jane Lynch;https://www.imdb.com/title/tt1772341/;
2584;Brad Pitt | Diane Kruger | Eli Roth | Christoph Waltz | Michael Fassbender | Daniel Brühl | Til Schweiger | Mélanie Laurent | B. J. Novak | Richard Sammel;https://www.wikidata.org/wiki/Q153723;
2585;Ansel Elgort | Jon Bernthal | Jon Hamm | Eiza Gonzalez | Micah Howard | Lily James | Morgan Brown | Kevin Spacey | Morse Diggs | CJ Jones;https://www.wikidata.org/wiki/Q23016644;
2588;Dwayne Johnson | Zac Efron | Alexandra Daddario | Kelly Rohrbach | Priyanka Chopra | Ilfenesh Hadera | Hannibal Buress | David Hasselhoff | John Cenatiempo | Pamela Anderson;https://www.wikidata.org/wiki/Q23016495;
2604;Ellen DeGeneres | Albert Brooks | Ed O'Neill;https://www.imdb.com/title/tt2277860/;
2605;Brendan Fraser | Rachel Weisz | John Hannah | Arnold Vosloo | Oded Fehr | Freddie Boath | Alun Armstrong | Patricia Velásquez | Adewale Akinnuoye-Agbaje | Dwayne Johnson;https://www.wikidata.org/wiki/Q320461;
2606;Brendan Fraser | Jet Li | Maria Bello | John Hannah | Luke Ford | Michelle Yeoh | Isabella Leong | Anthony Wong | Russell Wong | Liam Cunningham;https://www.wikidata.org/wiki/Q240713;
2607;Brendan Fraser | Rachel Weisz | John Hannah | Arnold Vosloo | Kevin J. O'Connor | Oded Fehr | Jonathan Hyde | Erick Avari | Omid Djalili | Tuc Watkins;https://www.wikidata.org/wiki/Q202508;
2608;Sylvester Stallone | Paz Vega | Sergio Peris-Mencheta | Adriana Barraza | Yvette Monreal | Joaquín Cosío | Óscar Jaenada;https://www.wikidata.org/wiki/Q54854465;
2609;Rebecca Hall | Brian Tyree Henry | Dan Stevens | Brian Tyree Henry fuck | Rachel House | Fala Chen | Kaylee Hottle | Alex Ferns;https://www.wikidata.org/wiki/Q113360912;
2882;Tom Hardy | Woody Harrelson | Michelle Williams | Naomie Harris | Reid Scott | Stephen Graham;https://www.wikidata.org/wiki/Q60498064;
2885;Gerard Butler | Jim Sturgess | Abbie Cornish | Ed Harris | Andy Garcia | Daniel Wu | Robert Sheehan | Amr Waked | Mare Winningham | Alexandra Maria Lara;https://www.wikidata.org/wiki/Q18342910;
2988;Nicolas Cage | Ron Perlman | Claire Foy | Robert Sheehan | Stephen Graham | Christopher Lee | Stephen Campbell Moore | Ulrich Thomsen | Brían F. O'Byrne | Simone Kirby;https://www.wikidata.org/wiki/Q848391;
2989;Mark Rowley | Pekka Strang | Zoltán Andrási | Alexander Dreymon | Harry Gilby | Cavan Clerkin | James Northcote | Laurie Davidson | Arnas Fedaravičius | Elaine Cassidy;https://www.wikidata.org/wiki/Q111201046;Correspondance retenue : The Last Kingdom: Seven Kings Must Die (2023).
3031;Anthony Mackie | Harrison Ford | Danny Ramirez | Tim Blake Nelson | Shira Haas | Carl Lumbly | Liv Tyler | Giancarlo Esposito | Xosha Roquemore | Jóhannes Haukur Jóhannesson;https://www.wikidata.org/wiki/Q112322116;
3114;Hailee Steinfeld | Jorge Lendeborg Jr. | John Cena | Gracie Dzienny | John Ortiz | Pamela Adlon | Dylan O'Brien | Justin Theroux | Angela Bassett | Megyn Price;https://www.wikidata.org/wiki/Q34220038;
3143;Nasim Benelkour | Kimmie Britt | Gerard Caster;https://www.imdb.com/title/tt32176689/;
3144;Robert Pattinson | Steven Yeun | Michael Monroe | Naomi Ackie | Toni Collette | Mark Ruffalo | Holliday Grainger | Cameron Britton | Anamaria Vartolomei | Anna Mouglalis;https://www.wikidata.org/wiki/Q112977213;
3154;Sam Neill | William H. Macy | Téa Leoni | Alessandro Nivola | Trevor Morgan | Laura Dern | John Diehl | Julio Oscar Mechoso | Linda Park | Mark Harelik;https://www.wikidata.org/wiki/Q1102220;
3155;Jeff Goldblum | Julianne Moore | Pete Postlethwaite | Vince Vaughn | Richard Schiff | Peter Stormare | Vanessa Lee Chester | Arliss Howard | Harvey Jason | Thomas F. Duffy;https://www.wikidata.org/wiki/Q200873;
3156;Sam Neill | Laura Dern | Jeff Goldblum | Richard Attenborough | Samuel L. Jackson | Ariana Richards | Wayne Knight | BD Wong | Joseph Mazzello | Martin Ferrero;https://www.wikidata.org/wiki/Q167726;
3158;Jack Black | Ian McShane | Angelina Jolie;https://www.imdb.com/title/tt0441773/;
3159;Jean Reno | Vincent Cassel | Nadia Farès | Dominique Sanda | Karim Belkhadra | Jean-Pierre Cassel | Alexis Robin | Christophe Rossignon | Didier Flamand | Dominique Bettenfeld;https://www.wikidata.org/wiki/Q854635;
3160;Tom Kenny | Jeffrey Tambor | Rodger Bumpass | David Hasselhoff | Alex Baker | Kristopher Logan | Cole S. McKay | Dylan Haggerty | Bart McCarthy | Mageina Tovah;https://www.wikidata.org/wiki/Q579928;
3161;Jennifer Lopez | Simu Liu | Sterling K. Brown | Lana Parrilla | Mark Strong;https://www.wikidata.org/wiki/Q115474889;
3162;Bruce Willis | Haley Joel Osment | Toni Collette | Olivia Williams | Donnie Wahlberg | Peter Anthony Tambakis | Mischa Barton | Glenn Fitzgerald | Trevor Morgan | Bruce Norris;https://www.wikidata.org/wiki/Q183063;
3163;Adèle Exarchopoulos | Souheila Yacoub | Eliane Umuhire | India Hair | Marc Barbé | Paul Beaurepaire | Léo Chalié | Théo Cholbi | Jonathan Couzinié | Thierry Hancisse;https://www.wikidata.org/wiki/Q123449601;
3164;Aaron Taylor-Johnson | Ariana DeBose | Fred Hechinger | Christopher Abbott | Alessandro Nivola | Russell Crowe;https://www.wikidata.org/wiki/Q107390449;
3381;Jason Momoa | Jack Black | Sebastian Hansen | Emma Myers | Danielle Brooks | Sebastian Eugene Hansen | Jennifer Coolidge | Kate McKinnon | Jemaine Clement | DanTDM;https://www.wikidata.org/wiki/Q40083273;
3382;Simon Pegg | Kate Beckinsale | Sanjeev Bhaskar | Rob Riggle | Suzy Eddie Izzard | Joanna Lumley | Eric Idle | Emma Pierson | Terry Jones | Robert Bathurst;https://www.wikidata.org/wiki/Q16156329;
3383;Alain Chabat | Golshifteh Farahani | Pio Marmaï | Audrey Tautou;https://www.wikidata.org/wiki/Q30739475;
3385;Benedict Cumberbatch | Elizabeth Olsen | Chiwetel Ejiofor | Benedict Wong | Rachel McAdams | Xochitl Gomez | Michael Stuhlbarg | Patrick Stewart | Hayley Atwell | Lashana Lynch;https://www.wikidata.org/wiki/Q64211112;
3386;Dwayne Johnson | Chris Evans | Lucy Liu | Chris Evans (actor) | J. K. Simmons | Bonnie Hunt | Kristofer Hivju | Kiernan Shipka | Mary Elizabeth Ellis | Wesley Kimmel;https://www.wikidata.org/wiki/Q114876737;
3387;Rebecca Chambers | Kevin Dorman | Matthew Mercer;https://www.imdb.com/title/tt5776208/;
3388;Joel Kinnaman | Gary Oldman | Michael Keaton | Samuel L. Jackson | Jay Baruchel | Abbie Cornish | John Paul Ruttan | Jackie Earle Haley | Jennifer Ehle | Marianne Jean-Baptiste;https://www.wikidata.org/wiki/Q864518;
3389;Sylvester Stallone | Jason Statham | Jet Li | Dolph Lundgren | Eric Roberts | Randy Couture | Stone Cold Steve Austin | David Zayas | Terry Crews | Giselle Itié;https://www.wikidata.org/wiki/Q206374;
3390;Tom Cruise | Henry Cavill | Ving Rhames | Rebecca Ferguson | Simon Pegg | Vanessa Kirby | Alec Baldwin | Sean Harris | Angela Bassett | Michelle Monaghan;https://www.wikidata.org/wiki/Q29261993;
3421;Jackie Chan | Do Do Cheng | Eva Cobo | Carol Cheng | Aldo Sambrell | Masako Ikeda | Ken Lo | Serge Martina;https://www.wikidata.org/wiki/Q1549966;
3432;Jason Statham | Jason Flemyng | Merab Ninidze | David Harbour | Michael Peña | Noemi Gonzalez | Emmett J. Scanlan | Eve Mauro | Maximilian Osinski | Max Croes;https://www.wikidata.org/wiki/Q125495342;
3433;Maaya Uchida | Shouta Aoi | Miho Okasaki;https://www.imdb.com/title/tt15447084/;
3434;Robert Hays | Julie Hagerty | Leslie Nielsen | Lloyd Bridges | Peter Graves | Robert Stack | Kareem Abdul-Jabbar | Jonathan Banks | James Hong | Ethel Merman;https://www.wikidata.org/wiki/Q497256;
3659;Devon Sawa | Ali Larter | Kerr Smith | Tony Todd | Seann William Scott | Daniel Roebuck | Roger Guenveur Smith | Amanda Detmer | Brendan Fehr | Robert Wisden;https://www.wikidata.org/wiki/Q7561043;
3660;Nicholas D'Agosto | Emma Bell | Arlen Escarpeta | Miles Fisher | David Koechner | Tony Todd | Jacqueline MacInnes Wood | Courtney B. Vance | Devon Sawa | Kerr Smith;https://www.wikidata.org/wiki/Q661847;
3661;Mary Elizabeth Winstead | Ryan Merriman | Kris Lemche | Alexz Johnson | Amanda Crew | Texas Battle | Chelan Simmons | Crystal Lowe | Jesse Moss | Gina Holden;https://www.wikidata.org/wiki/Q820811;
3662;A.J. Cook | Ali Larter | Tony Todd | Michael Landes | David Paetkau | Keegan Connor Tracy | Sarah Carter | Alejandro Rae | Shaun Sipos | Noel Fisher;https://www.wikidata.org/wiki/Q820009;
3665;Nick Zano | Krista Allen | Andrew Fiscella | Bobby Campo | Shantel VanSanten | Mykelti Williamson | Haley Webb | Justin Welborn | Stephanie Honoré | Lara Grice;https://www.wikidata.org/wiki/Q858976;
3676;Eric Carrière | Francis Ginibre | Bruno Lochet;https://www.imdb.com/title/tt9169966/;
3677;Monsieur Poulpe | Charlotte Gabris | Vincent Desagnat | Thomas Solivérès | Philippe Pillavoine;https://www.wikidata.org/wiki/Q28497237;
3678;Hyun Bin | Heo Sung-tae | Lee Sun-bin;https://www.wikidata.org/wiki/Q31177353;
3679;Dwayne Johnson | Naomie Harris | Malin Akerman | Joe Manganiello | Jeffrey Dean Morgan | Jake Lacy | Jack Quaid | Marley Shelton | Demetrius Grosse | Matt Gerald;https://www.wikidata.org/wiki/Q29470162;
3680;Tye Sheridan | Olivia Cooke | Ben Mendelsohn | T. J. Miller | Mark Rylance | Lena Waithe | Simon Pegg | Win Morisaki | Hannah John-Kamen | Susan Lynch;https://www.wikidata.org/wiki/Q22000542;
3681;Dwayne Johnson | Neve Campbell | Chin Han | Noah Taylor | Roland Møller | Byron Mann | Pablo Schreiber | Hannah Quinlivan | Noah Cottrell | McKenna Roberts;https://www.wikidata.org/wiki/Q37447062;
3682;Jesse Eisenberg | Mark Ruffalo | Woody Harrelson | Lizzy Caplan | Dave Franco | Daniel Radcliffe | Morgan Freeman | Michael Caine | Sanaa Lathan | Jay Chou;https://www.wikidata.org/wiki/Q18703028;
3683;Christina Hendricks | Martin Henderson | Bailee Madison | Lewis Pullman;https://www.wikidata.org/wiki/Q42049541;
3684;John C. Reilly | Sarah Silverman | Gal Gadot;https://www.imdb.com/title/tt5848272/;
3685;Amy Manson | Dominic Mafham | Luke Allen-Gale | Nina Bergman | Louis Mandylor | Lorina Kamburova | Hari Dhillon | Arkie Reece;https://www.wikidata.org/wiki/Q62018334;
3686;Jackie Chan | John Cusack | Adrien Brody;https://www.wikidata.org/wiki/Q17002139;
3687;Terence Hill | Henry Fonda | Jean Martin | Geoffrey Lewis | Mario Brega | Benito Stefanelli | Antoine Saint-John | Steve Kanaly | Franco Angrisano | Angelo Novi;https://www.wikidata.org/wiki/Q964009;
3688;Russell Crowe | Cate Blanchett | Matthew Macfadyen | Max von Sydow | William Damaged | Mark Strong | Oscar Isaac | Danny Huston | Eileen Atkins | Mark Addy;https://www.wikidata.org/wiki/Q223559;Correspondance retenue : Robin des Bois de Ridley Scott (2010).
3689;Kevin Costner | Morgan Freeman | Mary Elizabeth Mastrantonio | Christian Slater | Alan Rickman | Mike McShane | Sean Connery | Geraldine McEwan | Michael Wincott | Jack Wild;https://www.wikidata.org/wiki/Q486822;
3691;Chris Pratt | Bryce Dallas Howard | Ty Simpkins | Irrfan Khan | Vincent D'Onofrio | Omar Sy | Jake Johnson | Nick Robinson | Brian Tee | BD Wong;https://www.wikidata.org/wiki/Q3512046;
3743;Michael J. Fox | Christopher Lloyd | Lea Thompson | Crispin Glover | Thomas F. Wilson | Marc McClure | Wendie Jo Sperber | James Tolkan | Norman Alden | George DiCenzo;https://www.wikidata.org/wiki/Q91540;
3744;Michael J. Fox | Christopher Lloyd | Lea Thompson | Thomas F. Wilson | Elisabeth Shue | James Tolkan | Flea | Casey Siemaszko | Billy Zane | Mary Ellen Trainor;https://www.wikidata.org/wiki/Q109331;
3745;Gerard Butler | Aaron Eckhart | Morgan Freeman | Angela Bassett | Radha Mitchell | Robert Forster | Melissa Leo | Jackie Earle Haley | Mehdi Dehbi | Alon Abutbul;https://www.wikidata.org/wiki/Q18350210;
3746;Andy Serkis | Woody Harrelson | Steve Zahn | Judy Greer | Karin Konoval | Terry Notary | Sara Canning | Max Lloyd-Jones | Alessandro Juliani | Ty Olsson;https://www.wikidata.org/wiki/Q19938437;
3747;Michael J. Fox | Christopher Lloyd | Mary Steenburgen | Lea Thompson | Thomas F. Wilson | Elisabeth Shue | James Tolkan | Flea | Crispin Glover | Dean Cundey;https://www.wikidata.org/wiki/Q230552;
3748;Michael Caine | Alan Arkin | Ann-Margret | Joey King | Morgan Freeman | Matt Dillon | Christopher Lloyd | Peter Serafinowicz | Siobhan Fallon Hogan | Maria Dizzia;https://www.wikidata.org/wiki/Q20762674;
3749;Ryan Reynolds | Blake Lively | Peter Sarsgaard | Mark Strong | Temuera Morrison | Tim Robbins | Angela Bassett | Jay O. Sanders | Mike Doyle | Geoffrey Rush;https://www.wikidata.org/wiki/Q903885;
3772;Jean-Paul Rouve | Isabelle Nanty | Claire Nadeau | Sarah Stern | Pierre Lottin | Théo Fernandez;https://www.wikidata.org/wiki/Q125295880;
3801;Michael Biehn | Doug Cockle | Rick Gonzalez;https://www.imdb.com/title/tt36463894/;
3856;Eric Bauza | Candi Milo | Peter MacNicol;https://www.imdb.com/title/tt15352542/;
3926;Kaitlyn Santa Juana | Teo Briones | Rya Kihlstedt | Richard Harmon | Owen Joyner | Brec Bassinger | Tony Todd | Anna Lore | Alex Zahara | April Telek;https://www.wikidata.org/wiki/Q118212751;
3930;Ana de Armas | Keanu Reeves | Ian McShane | Anjelica Huston | Gabriel Byrne | Lance Reddick | Catalina Sandino Moreno | Norman Reedus | Sharon Duncan-Brewster | David Castaneda;https://www.wikidata.org/wiki/Q84713105;
3931;Zhan Xiao | Dafei Zhuang | Tony Ka Fai Leung | Tony Leung Ka-fai | Xiao Zhan | Zhuang Dafei;https://www.wikidata.org/wiki/Q130494024;
4104;Ken Takakura | Yoshio Harada | Ryô Ikebe | Ryoko Nakano | Kunie Tanaka | Kō Nishimura | Hideji Ōtaki;https://www.wikidata.org/wiki/Q870882;Correspondance retenue : Manhunt, film japonais de 1976.
4106;Scoot McNairy | Whitney Able | Mario Zuniga Benavides;https://www.wikidata.org/wiki/Q1460092;
4107;Johnny Harris | Sam Keeley | Joe Dempsie | Sofia Boutella | Parker Sawyers | Kyle Soller | Michaela Coel;https://www.wikidata.org/wiki/Q16579459;
4130;Florence Pugh | Sebastian Stan | Julia Louis-Dreyfus | Olga Kurylenko | Wyatt Russell | David Harbour | Hannah John-Kamen | Lewis Pullman | Geraldine Viswanathan | Chris Bauer;https://www.wikidata.org/wiki/Q112322474;
4132;Maia Kealoha | Sydney Agudong | Chris Sanders | Courtney B. Vance | Tia Carrere | Amy Hill | Billy Magnussen | Zach Galifianakis | Kaipo Dudoit;https://www.wikidata.org/wiki/Q59395971;
4133;D.B. Sweeney | Sarah Butler | Malcolm McDowell;https://www.imdb.com/title/tt3259178/;Correspondance retenue : Free Fall, film d’action américain de 2014.
4137;Jason Statham | Holt McCallany | Josh Hartnett | Scott Eastwood | Lyne Renée | Jeffrey Donovan | Alex Ferns | DeObia Oparei | Laz Alonso | Raúl Castillo;https://www.wikidata.org/wiki/Q74190990;
4138;Amber Midthunder | Dakota Beavers | Dane DiLiegro | Michelle Thrush | Julian Black Antelope;https://www.wikidata.org/wiki/Q108329738;
4139;Haruka Tomatsu | Yoshitsugu Matsuoka | Shiori Izawa;https://www.imdb.com/title/tt15830702/;
4140;Mel Gibson | Danny Glover | Gary Busey | Mitchell Ryan | Tom Atkins | Mary Ellen Trainor | Al Leong | Darlene Love | Don Gordon | Ed O'Ross;https://www.wikidata.org/wiki/Q462447;
4141;Chris Pratt | Bryce Dallas Howard | Laura Dern | Sam Neill | Jeff Goldblum | Mamoudou Athie | Scott Haze | Dichen Lachman | Daniella Pineda | Campbell Scott;https://www.wikidata.org/wiki/Q55178974;
4142;Daniel Craig | Harrison Ford | Olivia Wilde | Abigail Spencer | Clancy Brown | Paul Dano | Adam Beach | Sam Rockwell | Ana de la Reguera | Noah Ringer;https://www.wikidata.org/wiki/Q725578;
4145;Nobunaga Shimazaki | Marina Inoue | Misuzu Togashi;https://www.imdb.com/title/tt5331768/;
4174;Christian Bale | Joel Edgerton | Ben Kingsley | John Turturro | Aaron Paul | Sigourney Weaver | Indira Varma | Hiam Abbass | María Valverde | Kevork Malikyan;https://www.wikidata.org/wiki/Q14942871;
4181;Bradley Cooper | Anna Friel | Abbie Cornish | Robert De Niro | Johnny Whitworth | Tomas Arana | Robert John Burke | Caroline Winberg | Andrew Howard | Patricia Kalember;https://www.wikidata.org/wiki/Q753517;
4182;Jodie Comer | Aaron Taylor-Johnson | Ralph Fiennes | Alfie Williams | Jack O'Connell | Erin Kellyman | Edvin Ryding | Emma Laird | Christopher Fulford | Stella Gonet;https://www.wikidata.org/wiki/Q125392328;
4183;Kad Merad | Anne Charrier | Léopold Moati;https://www.imdb.com/title/tt8163224/;
4184;Josh Hartnett | Ariel Donoghue | Saleka Shyamalan | Saleka | Alison Pill | Hayley Mills | Jonathan Langdon | Mark Bacolcol | Marnie McPhail | Kid Cudi;https://www.wikidata.org/wiki/Q124077893;
4185;Raúl Arévalo | Bárbara Lennie | Óscar Jaenada | José Coronado | Luis Callejo | Juan José Ballesta | Juan Diego | Juan Echanove | Juan Carlos Aduviri | José Manuel Cervino;https://www.wikidata.org/wiki/Q24000106;
4186;Ma Dong-seok | Kim Mu-yeol | Kim Sungkyu | Kim Sung-kyu | Choi Min-chul | Kim Yoon-seong | Yoo Jae-myung;https://www.wikidata.org/wiki/Q63198576;
4187;Russell Crowe | Jennifer Connelly | Anthony Hopkins | Logan Lerman | Douglas Booth | Emma Watson | Kevin Durand | Dakota Goyo | Ray Winstone | Marton Csokas;https://www.wikidata.org/wiki/Q286868;
4188;Jean-Marc Barr | Jean Reno | Rosanna Arquette | Sergio Castellitto | Marc Duret | Jean Bouise | Paul Shenar | Griffin Dunne | Andreas Voutsinas | Valentina Vargas;https://www.wikidata.org/wiki/Q517239;
4225;Scarlett Johansson | Mahershala Ali | Jonathan Bailey | Manuel Garcia-Rulfo | Rupert Friend | Luna Blaise | David Iacono | Ed Skrein;https://www.wikidata.org/wiki/Q124380480;
4226;Josh Gad | Dennis Quaid | Peggy Lipton | Britt Robertson | KJ Apa | Juliet Rylance | John Ortiz | Logan Miller | Luke Kirby | Caroline Cave;https://www.wikidata.org/wiki/Q21527614;
4227;Antonio Banderas | Karl Urban | Paz Vega | Atanas Srebrev | Robert Forster | David Sakurai | Isaac Florentine | Johnathon Schaech;https://www.wikidata.org/wiki/Q42289722;
4228;Eddie Murphy | Pete Davidson | Keke Palmer | Eva Longoria | Jack Kesy | Marshawn Lynch | Roman Reigns | Andrew Dice Clay | Ismaël Cruz Córdova;https://www.wikidata.org/wiki/Q125578089;
4229;Allison Dawn Doiron | Alex Vincent | Brad Dourif | Christine Elise | Fiona Dourif | Jennifer Tilly;https://www.wikidata.org/wiki/Q28130946;
4230;Brad Pitt | Shia LaBeouf | Logan Lerman | Michael Peña | Jon Bernthal | Jason Isaacs | Scott Eastwood | Xavier Samuel | Brad William Henke | Anamaria Marinca;https://www.wikidata.org/wiki/Q14786561;
4231;Jean Sarrus | Gérard Filipelli | Luis Rego | Richard Bonnot | Gérard Filippelli | Gustave Parking | Guy Montagné | Jango Edwards | Jezabelle Amato;https://www.wikidata.org/wiki/Q3226419;
4232;Gérard Rinaldi | Jean Sarrus | Gérard Filipelli | Gérard Filippelli | André Bézu | Claude Piéplu | Dani | Évelyne Ker | Fernand Legros | Gabriel Jabbour;https://www.wikidata.org/wiki/Q3059186;
4233;Gérard Rinaldi | Gérard Filippelli | Jean Sarrus | Jean-Guy Fechner | André Badin | André Dumas | Bernard Haller | Bernard Lajarrige | Bernard Menez | Catherine Jourdan;https://www.wikidata.org/wiki/Q470573;
4234;Vincent Dubois | Jean-Christian Fraiscinet | Léo Marty;https://www.imdb.com/title/tt32192665/;
4235;Jean-Guy Fechner | Gérard Filippelli | Gérard Rinaldi | Paul Préboist | Jean Sarrus | Aimable | Martine Kelly | Gérard Croce | Guy Lux | Jacques Préboist;https://www.wikidata.org/wiki/Q471414;
4236;Gérard Rinaldi | Jean Sarrus | Gérard Filippelli | Michel Galabru | Michel Serrault | Jean-Guy Fechner | Martine Kelly | André Badin | Candice Patou | Coluche;https://www.wikidata.org/wiki/Q612847;
4237;Gérard Rinaldi | Gérard Filippelli | Jean Sarrus | André Valardy | Charles Gérard | Daniel Kenigsberg | Éric Charden | Étienne Draber | Henri Guybet | Jacques Ciron;https://www.wikidata.org/wiki/Q3231378;
4238;David Corenswet | Rachel Brosnahan | Nicholas Hoult | Milly Alcock | Isabela Merced | Edi Gathegi | Nathan Fillion | Anthony Carrigan | María Gabriela de Faría | Sara Sampaio;https://www.wikidata.org/wiki/Q116547790;
4239;Russell Crowe | Paul Bettany | Billy Boyd | James D'Arcy | Edward Woodall | Max Pirkis | Max Benitz | Lee Ingleby | Robert Pugh | Richard McCabe;https://www.wikidata.org/wiki/Q1125384;
4253;Tom Cruise | Hayley Atwell | Ving Rhames | Simon Pegg | Esai Morales | Pom Klementieff | Mariela Garriga | Henry Czerny | Holt McCallany | Janet McTeer;https://www.wikidata.org/wiki/Q61876374;
4254;Bill Pullman | Christina Ricci | Cathy Moriarty | Devon Sawa | Eric Idle | Amy Brenneman | Chauncey Leopardi | Ben Stein | Brad Garrett | Clint Eastwood;https://www.wikidata.org/wiki/Q1048166;
4255;Sam Worthington | Zoe Saldaña | Sigourney Weaver | Zoe Sandalia | Stephen Lang | Michelle Rodriguez | Joel David Moore | Giovanni Ribisi | Dileep Rao | Laz Alonso;https://www.wikidata.org/wiki/Q24871;
4256;Kad Merad | Michèle Laroque | Martin Karmann | Jade-Rose Parker | Fatsah Bouyahmed | Guy Lecluyse | Lionel Abelanski | Agustín Galiana | Ariele Séménoff | Didier Flamand;https://www.wikidata.org/wiki/Q132852269;
4257;Tsuyoshi Kusanagi | Kaya Kiyohara | Jun Kunimura | Taishi Nakagawa | Eita Okuno | Takuma Otoo | Masachika Ichimura | Junko Iijima | Dankei Tatekawa | Yūko Nakamura;https://www.wikidata.org/wiki/Q128867505;
4258;Sylvester Stallone | Brigitte Nielsen | Reni Santoni | Andrew Robinson | Brian Thompson | Art LaFleur | Lee Garlington | John Herzfeld | Ron Jeremy | Val Avery;https://www.wikidata.org/wiki/Q637290;
4259;Eddie Murphy | Peter Boyle | Ossie Davis | Oliver Platt | Richard Schiff | Kristen Wilson | Kyla Pratt | Raven-Symoné | Jeffrey Tambor | Norm Macdonald;https://www.wikidata.org/wiki/Q663014;
4260;Eddie Murphy | Cedric The Entertainer | Kristen Wilson | Raven-Symoné | Kyla Pratt | Lil Zane | Kevin Pollak | Steve Irwin | James Avery | Andy Richter;https://www.wikidata.org/wiki/Q1253887;
4261;Kyla Pratt | Kristen Wilson | Walker Howard | John Amos | Calum Worthy | John Novak | Chelan Simmons | Norm Macdonald | James Kirk | Ecstasia Sanders;https://www.wikidata.org/wiki/Q1253872;
4262;Johnny Depp | Geoffrey Rush | Orlando Bloom | Keira Knightley | Zoe Sandalia | Treva Etienne | Martin Klebba | Lee Arenberg | Mackenzie Crook | Greg Ellis;https://www.wikidata.org/wiki/Q46717;
4263;Johnny Depp | Orlando Bloom | Keira Knightley | Stellan Skarsgård | Bill Nighy | Tom Hollander | Lee Arenberg | Mackenzie Crook | David Schofield | Martin Klebba;https://www.wikidata.org/wiki/Q161087;
4264;Robert Downey Jr. | Antonio Banderas | Michael Sheen | Jim Broadbent | Tom Holland | Selena Gomez | John Cena | Kumail Nanjiani | Rami Malek | Carmen Ejogo;https://www.wikidata.org/wiki/Q38689704;
4265;Rick Moranis | Matt Frewer | Marcia Strassman | Kristine Sutherland | Thomas Wilson Brown | Amy O'Neill | Jared Rushton | Robert Oliveri | Mark L. Taylor | Kimmy Robertson;https://www.wikidata.org/wiki/Q1426248;
4273;Johnny Depp | Orlando Bloom | Keira Knightley | Geoffrey Rush | Bill Nighy | Tom Hollander | Stellan Skarsgård | Lee Arenberg | Mackenzie Crook | Martin Klebba;https://www.wikidata.org/wiki/Q54274;
4274;Johnny Depp | Penélope Cruz | Ian McShane | Geoffrey Rush | Sam Claflin | Astrid Berges-Frisbey | Gemma Ward | Stephen Graham | Richard Griffiths | Greg Ellis;https://www.wikidata.org/wiki/Q183555;
4275;Johnny Depp | Geoffrey Rush | Javier Bardem | Orlando Bloom | Kevin McNally | Kaya Scodelario | Brenton Thwaites | Stephen Graham | Martin Klebba | Golshifteh Farahani;https://www.wikidata.org/wiki/Q10350033;
4276;Sylvester Stallone | Amy Brenneman | Viggo Mortensen | Dan Hedaya | Jay O. Sanders | Karen Young | Claire Bloom | Danielle Harris | Barry Newman | Stan Shaw;https://www.wikidata.org/wiki/Q225916;
4277;Sylvester Stallone | Robert Loggia | Susan Blakely | Rick Zumwalt | David Mendenhall | Terry Funk;https://www.wikidata.org/wiki/Q901148;
4278;Brad Pitt | Damson Idris | Javier Bardem | Kerry Condon | Tobias Menzies | Sarah Niles | Samson Kayo | Joseph Balderrama | Max Verstappen | Kim Bodnia;https://www.wikidata.org/wiki/Q114246242;
4279;Gérard Rinaldi | Jean Sarrus | Gérard Filippelli | Danièle Hazan | Franck-Olivier Bonnet | François Jaubert | Jacques Jouanneau | Lionel Rocheman | Luis Rego | Paulette Dubost;https://www.wikidata.org/wiki/Q3226425;
4280;Gérard Filippelli | Gérard Rinaldi | Jean Sarrus | Alain Mercier | Andreas Voutsinas | Anémone | Dora Doll | Gérard Jugnot | Guy Laporte | Jacqueline Alexandre;https://www.wikidata.org/wiki/Q3231377;
4281;Francis Blanche | Gérard Rinaldi | Jean Sarrus | Jean-Guy Fechner | Gérard Filippelli | Luis Rego;https://www.wikidata.org/wiki/Q3209507;
4318;Jason Patric | Sylvester Stallone | Josh Wiggins | Dash Mihok;https://www.wikidata.org/wiki/Q124098393;
4419;Pedro Pascal | Vanessa Kirby | Ebon Moss-Bachrach | Joseph Quinn | Ralph Ineson | Julia Garner | Paul Walter Hauser | John Malkovich | Natasha Lyonne | Sarah Niles;https://www.wikidata.org/wiki/Q105105219;
4586;Jeff Bridges | Bruce Boxleitner | David Warner | Cindy Morgan | Barnard Hughes | Peter Jurasik | Bob Neill | Craig Chudy | Dan Shor | Jackson Bostwick;https://www.wikidata.org/wiki/Q626483;
4587;Jeff Bridges | Garrett Hedlund | Olivia Wilde | Bruce Boxleitner | Michael Sheen | James Frain | Beau Garrett | Serinda Swan | Yaya DaCosta | Cillian Murphy;https://www.wikidata.org/wiki/Q18954;
4663;Louis C.K. | Eric Stonestreet | Kevin Hart | Jenny Slate;https://www.imdb.com/title/tt2709768/;
4664;Patton Oswalt | Kevin Hart | Harrison Ford | Louis C.K. | Eric Stonestreet | Jenny Slate | Ellie Kemper | Lake Bell | Dana Carvey | Hannibal Buress;https://www.wikidata.org/wiki/Q28561715;
4665;Alexander Skarsgård | Brooklyn Decker | Liam Neeson | Taylor Kitsch | Rihanna | Peter MacNicol | Tadanobu Asano | Hamish Linklater | Josh Pence | Jesse Plemons;https://www.wikidata.org/wiki/Q474033;
4755;Eddie Murphy | Joseph Gordon-Levitt | Taylour Paige | Judge Reinhold | Paul Reiser | John Ashton | Bronson Pinchot | Kevin Bacon | Mark Pellegrino;https://www.wikidata.org/wiki/Q113650759;
4756;Eddie Murphy | Judge Reinhold | Jürgen Prochnow | John Ashton | Ronny Cox | Brigitte Nielsen | Allen Garfield | Chris Rock | Dean Stockwell | Gilbert Gottfried;https://www.wikidata.org/wiki/Q525860;
4757;Eddie Murphy | Jon Tenney | Joey Travolta | Judge Reinhold | Héctor Elizondo | Stephen McHattie | Theresa Randle | Bronson Pinchot | Alan Young | Timothy Carhart;https://www.wikidata.org/wiki/Q654736;
4758;Eddie Murphy | Judge Reinhold | John Ashton | Ronny Cox | Steven Berkoff | Jonathan Banks | Bronson Pinchot | Paul Reiser | James Russo | Damon Wayans;https://www.wikidata.org/wiki/Q722267;
4759;Tobey Maguire | Kirsten Dunst | Topher Grace | James Franco | Thomas Haden Church | Bryce Dallas Howard | James Cromwell | Rosemary Harris | J. K. Simmons | Dylan Baker;https://www.wikidata.org/wiki/Q182212;
4760;Tobey Maguire | Kirsten Dunst | Alfred Molina | James Franco | Rosemary Harris | Donna Murphy | J. K. Simmons | Daniel Gillies | Dylan Baker | Bill Nunn;https://www.wikidata.org/wiki/Q190145;
4761;Tom Holland | Zendaya | Benedict Cumberbatch | Marisa Tomei | Jacob Batalon | Tony Revolori | Alfred Molina | Jamie Foxx | Jon Favreau | J. B. Smoove;https://www.wikidata.org/wiki/Q113471777;
4762;Tobey Maguire | Kirsten Dunst | Willem Dafoe | James Franco | Cliff Robertson | Rosemary Harris | J. K. Simmons | Elizabeth Banks | Joe Manganiello | Bill Nunn;https://www.wikidata.org/wiki/Q484442;
4819;Youssef Akdim | Samy Naceri | Sarah Perles;https://www.imdb.com/title/tt15004066/;
4820;Derek Nelson | Makenna Guyler | Kane Surry;https://www.imdb.com/title/tt13316770/;
4821;Liam Neeson | Pamela Anderson | Paul Walter Hauser | Kevin Durand | Danny Huston | Liza Koshy | Cody Rhodes | CCH Pounder | Busta Rhymes;https://www.wikidata.org/wiki/Q125908027;
4822;Johnny Depp | Michelle Pfeiffer | Eva Green | Jonny Lee Miller | Chloë Grace Moretz | Gulliver McGrath | Helena Bonham Carter | Jackie Earle Haley | Christopher Lee | Alice Cooper;https://www.wikidata.org/wiki/Q323318;
4823;Johnny Depp | Winona Ryder | Dianne Wiest | Anthony Michael Hall | Kathy Baker | Vincent Price | Alan Arkin | Robert Oliveri | Conchata Ferrell | Caroline Aaron;https://www.wikidata.org/wiki/Q217182;
4824;Jim Carrey | Cameron Diaz | Peter Riegert | Peter Greene | Amy Yasbeck | Orestes Matacena | Ben Stein | Blake Clark | Denis Forest | Reg E. Cathey;https://www.wikidata.org/wiki/Q219421;
4828;Gong Yoo | Jung Yu-mi | Ma Dong-seok | Kim Su-an | Choi Woo-shik | Sohee | Kim Eui-sung | Kim Chang-hwan;https://www.wikidata.org/wiki/Q20948236;
4829;Christian Bale | Justin Theroux | Josh Lucas | Jared Leto | Bill Sage | Chloë Sevigny | Reese Witherspoon | Samantha Mathis | Willem Dafoe | Cara Seymour;https://www.wikidata.org/wiki/Q1405126;
4830;Jim Carrey | Courteney Cox | Sean Young | Tone Lōc | Dan Marino | Noble Willingham | Udo Kier | John Capodice | Mark Margolis | Alice Drummond;https://www.wikidata.org/wiki/Q340138;
4831;Arnold Schwarzenegger | Jim Belushi | Peter Boyle | Ed O'Ross | Laurence Fishburne | Gina Gershon | Richard Bright | Brion James | Mike Hagerty | Peter Greene;https://www.wikidata.org/wiki/Q514293;
4832;Jared Leto | Greta Lee | Jeff Bridges | Jodie Turner-Smith | Evan Peters | Cameron Monaghan | Sarah Desjardins | Gillian Anderson | Hasan Minhaj | Arturo Castro;https://www.wikidata.org/wiki/Q120237363;
4833;Alan Young | Christopher Lloyd | Terence McGovern;https://www.imdb.com/title/tt0099472/;
4834;Jack Black | Angelina Jolie | Jackie Chan;https://www.imdb.com/title/tt1302011/;
4835;Ahn Hyo-seop | Chae Soo-bin | Kwon Eun-sung | Lee Min-ho | Shin Seung-ho | Nana | Jisoo | Kwon Eun-seong;https://www.wikidata.org/wiki/Q126724933;
4836;Hiroki Hasegawa | Yutaka Takenouchi | Satomi Ishihara;https://www.wikidata.org/wiki/Q20899737;
4837;Leonardo DiCaprio | Sean Penn | Benicio Del Toro | Regina Hall | Alana Haim | Teyana Taylor | Wood Harris | Junglepussy | Chase Infiniti | D. W. Moffett;https://www.wikidata.org/wiki/Q117085614;
4839;Anémone | Josiane Balasko | Marie-Anne Chazel | Thierry Lhermitte | Gérard Jugnot | Christian Clavier | Michel Blanc | Martin Lamotte | Jacques François | Bruno Moynot;https://www.wikidata.org/wiki/Q1156447;
4843;Shauna Macdonald | Natalie Mendoza | Alex Reid | Saskia Mulder | MyAnna Buring | Nora-Jane Noone | Oliver Milburn;https://www.wikidata.org/wiki/Q1367317;
4919;Kate Mara | Laurence Fishburne | Gabriel Luna;https://www.wikidata.org/wiki/Q125620071;Correspondance retenue : The Astronaut (2025).
4921;Jackie Chan | Maggie Cheung | Brigitte Lin | Chor Yuen | Charlie Cho | Lam Kwok-Hung | Fung Hak-On | Bill Tung | Cheung Wing Fat | Bowie Wu;https://www.wikidata.org/wiki/Q594033;
4922;David Spade | John Goodman | Eartha Kitt;https://www.imdb.com/title/tt0120917/;
4923;Ryohei Suzuki | Misato Morita | Masanobu Andô;https://www.wikidata.org/wiki/Q115727176;
4924;Christian Clavier | Michel Galabru | Roland Giraud | Gérard Jugnot | Martin Lamotte | Dominique Lavanant | Jacqueline Maillan | Jacques Villeret | Alain Jérôme | Bernard Giraudeau;https://www.wikidata.org/wiki/Q3362959;
4925;Glen Powell | Alyssa Benn | Sienna Benn | Josh Brolin | Katy O'Brian | Daniel Ezra | Karl Glusman | Lee Pace | Jayme Lawson | Michael Cera;https://www.wikidata.org/wiki/Q125449414;Correspondance retenue : The Running Man (2025).
4926;Oscar Isaac | Jacob Elordi | Christoph Waltz | Mia Goth | Charles Dance | David Bradley | Lars Mikkelsen | Christian Convery | Felix Kammerer | Ralph Ineson;https://www.wikidata.org/wiki/Q124393045;
4927;Kikunosuke Toya | Shiori Izawa | Tomori Kusunoki;https://www.imdb.com/title/tt30472557/;
4928;Madelyn Cline | Chase Sui Wonders | Jonah Hauer-King | Jennifer Love Hewitt | Freddie Prinze Jr. | Tyriq Withers | Sarah Pidgeon | Billy Campbell | Austin Nichols | Gabbriette;https://www.wikidata.org/wiki/Q130368011;
4931;Nicolas Cage | Julianne Moore | Jessica Biel | Thomas Kretschmann | Tory Kittles | Peter Falk | José Zúñiga | Jim Beaver | Michael Trucco | Enzo Cilenti;https://www.wikidata.org/wiki/Q728539;
4935;Johnny Anfone | Nuttanicha Dungwattanawanich | Mark Prin Suparat;https://www.imdb.com/title/tt35669009/;
4936;Josh Hutcherson | Piper Rubio | Elizabeth Lail | Matthew Lillard | Theodus Crane | Skeet Ulrich | Mckenna Grace | Teo Briones | Freddy Carter | Wayne Knight;https://www.wikidata.org/wiki/Q124216482;
4938;Nicolas Cage | Sofia Boutella | Nick Cassavetes | Ed Skrein | Bill Moseley | Tak Sakaguchi | Louis Kurihara | Tetsu Watanabe;https://www.wikidata.org/wiki/Q59783263;
4939;Elle Fanning | Dimitrius Schuster-Koloamatangi | Ravi Narayan;https://www.wikidata.org/wiki/Q126396314;
4940;Jesse Eisenberg | Woody Harrelson | Dave Franco | Isla Fisher | Morgan Freeman | Justice Smith | Dominic Sessa | Ariana Greenblatt | Rosamund Pike | Lizzy Caplan;https://www.wikidata.org/wiki/Q65146722;
4941;Rowan Atkinson | John Malkovich | Natalie Imbruglia | Ben Miller | Greg Wise | Kevin McNally | Neville Phillips | Oliver Ford Davies | Tasha de Vasconcelos | Tim Pigott-Smith;https://www.wikidata.org/wiki/Q337881;
4942;Quinton Aaron | Sandra Bullock | Tim McGraw | Kathy Bates | Jae Head | Lily Collins | Ray McKinnon | Kim Dickens | Rhoda Griffis | Ashley LeConte Campbell;https://www.wikidata.org/wiki/Q206497;
4966;Lara Rossi | Vladimir Burlakov | Kit Dale | Julia Dietze | Udo Kier | Thom Green | Stephanie Paul | Lloyd Kaufman | Jukka Hilden | Kari Ketonen;https://www.wikidata.org/wiki/Q18639756;
4967;Julia Dietze | Christopher Kirby | Götz Otto | Udo Kier | Jim Knobeloch | Alois Moyo | Peta Sergeant | Stephanie Paul | Tilo Prückner | Tom Hoßbach;https://www.wikidata.org/wiki/Q158398;
4969;Jack Nicholson | Pierce Brosnan | Sarah Jessica Parker | Lukas Haas | Sylvia Sidney | Jim Brown | Pam Grier | Glenn Close | Annette Bening | Tom Jones;https://www.wikidata.org/wiki/Q271690;
4970;Jack Black | Paul Rudd | Steve Zahn | Daniela Melchior | Thandiwe Newton | Selton Mello | Ione Skye;https://www.wikidata.org/wiki/Q131549006;
4971;Ginnifer Goodwin | Jason Bateman | Ke Huy Quan;https://www.imdb.com/title/tt26443597/;
5014;Dave Bautista | Jason Momoa | Temuera Morrison | Claes Bang | Jacob Batalon | Frankie Adams | Miyavi | Stephen Root | Morena Baccarin | Maia Kealoha;https://www.wikidata.org/wiki/Q130552470;
5015;Alicia Vikander | Celyn Jones | Jannik Schümann | James McAvoy | Alexander Siddig | Reda Kateb | Harvey Friedman | Godehard Giese | Alex Hafner | Charlotte Rampling;https://www.wikidata.org/wiki/Q23013172;
5218;Jack O'Connell | Alfie Williams | Connor Newall | Aaron Taylor-Johnson | Emma Laird | Erin Kellyman | Ralph Fiennes | Cillian Murphy;https://www.wikidata.org/wiki/Q129423731;
5219;Arnold Schwarzenegger | Nick Stahl | Kristanna Loken | Claire Danes | Earl Boen | Christopher Lawford | Chris Hardwick | David Andrews | Jay Acovone | Jon Foster;https://www.wikidata.org/wiki/Q29054009;
5220;Arnold Schwarzenegger | Linda Hamilton | Edward Furlong | Robert Patrick | Earl Boen | Joe Morton | S. Epatha Merkerson | Xander Berkeley | Cástulo Guerra | Danny Cooksey;https://www.wikidata.org/wiki/Q170564;
5221;Chris Pratt | Rebecca Ferguson | Kali Reis | Annabelle Wallis | Rafi Gavron | Chris Sullivan | Kenneth Choi | Kylie Rogers | Jeff Pierre;https://www.wikidata.org/wiki/Q124566659;
5234;Christian Bale | Sam Worthington | Anton Yelchin | Bryce Dallas Howard | Moon Bloodgood | Common | Helena Bonham Carter | Jane Alexander | Roland Kickinger | Brian Steele;https://www.wikidata.org/wiki/Q191543;
5243;Arnold Schwarzenegger | Linda Hamilton | Michael Biehn | Paul Winfield | Earl Boen | Lance Henriksen | Rick Rossovich | Bill Paxton | Brian Thompson | Dick Miller;https://www.wikidata.org/wiki/Q162255;
5361;Johnny Depp | Freddie Highmore | David Kelly | Helena Bonham Carter | Noah Taylor | AnnaSophia Robb | Missi Pyle | James Fox | Christopher Lee | Deep Roy;https://www.wikidata.org/wiki/Q218235;
5362;Johnny Depp | Freddie Highmore | David Kelly | Helena Bonham Carter | Noah Taylor | AnnaSophia Robb | Missi Pyle | James Fox | Christopher Lee | Deep Roy;https://www.wikidata.org/wiki/Q218235;
5363;Bruce Willis | Jai Courtney | Sebastian Koch | Yuliya Snigir | Cole Hauser | Rasha Bukvic | Amaury Nolasco | Anne Vyalitsyna | Mary Elizabeth Winstead | Mike Dopud;https://www.wikidata.org/wiki/Q72276;
5364;Michael Fassbender | Marion Cotillard | Jeremy Irons | Michael K. Williams | Ariane Labed | Brendan Gleeson | Coco König | Brian Gleeson | Callum Turner | Charlotte Rampling;https://www.wikidata.org/wiki/Q18816889;
5424;Henry Cavill | Armie Hammer | Alicia Vikander | Hugh Grant | Elizabeth Debicki | Jared Harris | Luca Calvani | Simona Caparrini | Sylvester Groth | Christian Berkel;https://www.wikidata.org/wiki/Q14488725;
5425;Sylvester Stallone | Donald Sutherland | John Amos | Darlanne Fluegel | Frank McRae | Sonny Landham | Tom Sizemore | Larry Romano | William Allen Young | Jordan Lund;https://www.wikidata.org/wiki/Q281480;
5444;Alan Ritchson | Stephan James | Blake Richardson | Dennis Quaid | Jai Courtney | Esai Morales | Keiynan Lonsdale | Daniel Webber | Jake Ryan | Jack Patten;https://www.wikidata.org/wiki/Q130375767;
5496;Sam Worthington | Zoe Saldaña | Sigourney Weaver | Zoe Sandalia | Stephen Lang | Joel David Moore | CCH Pounder | Michelle Yeoh | Giovanni Ribisi | Kate Winslet;https://www.wikidata.org/wiki/Q29580929;
5553;Chris Pratt | Anya Taylor-Joy | Charlie Day | Jack Black | Keegan-Michael Key | Benny Safdie | Brie Larson;https://www.youtube.com/watch?v=eiHe-ebcBkQ;Distribution annoncée pour le film prévu en 2026.
5624;Maria Naganawa | Mutsumi Tamura | Yuuki Kuwahara;https://www.imdb.com/title/tt36592985/;
5643;Armie Hammer | Costas Mandylor | Désirée Giorgetti | Benjamin Scheuer;https://www.wikidata.org/wiki/Q132322742;
5700;Anna Faris | Jon Abrahams | Marlon Wayans | Regina Hall | Shannon Elizabeth | Kurt Fuller | Carmen Electra | Lochlyn Munro | Cheri Oteri | Dave Sheridan;https://www.wikidata.org/wiki/Q219424;
5701;Anna Faris | Marlon Wayans | Antony Acker | Christopher Mastersons | Regina Hall | Shawn Wayans | Kathleen Robertson | David Cross | Tori Spelling | Chris Elliott;https://www.wikidata.org/wiki/Q642501;
5702;Anna Faris | Regina Hall | Craig Bierko | Bill Pullman | Anthony Anderson | Carmen Electra | Chris Elliott | Kevin Hart | Cloris Leachman | Michael Madsen;https://www.wikidata.org/wiki/Q1055299;
5703;Simon Rex | Ashley Tisdale | Charlie Sheen | Erica Ash | Molly Shannon | Heather Locklear | J. P. Manoux | Jerry O'Connell | Lindsay Lohan | Terry Crews;https://www.wikidata.org/wiki/Q867294;
5755;Satoshi Hino | Yumi Hara | Masayuki Katô;https://www.imdb.com/title/tt14603848/;
5760;Alicia Vikander | Dominic West | Walton Goggins | Daniel Wu | Kristin Scott Thomas | Hannah John-Kamen | Antonio Aakeel | Derek Jacobi | Nick Frost | Josef Altin;https://www.wikidata.org/wiki/Q28489891;
5761;Joaquin Phoenix | Robert De Niro | Zazie Beetz | Frances Conroy | Bryan Callen | Marc Maron | Bill Camp | Brett Cullen | Glenn Fleshler | Douglas Hodge;https://www.wikidata.org/wiki/Q42759035;
5765;Zach Aguilar | Saeko Akiho | Yôhei Azakami;https://www.imdb.com/title/tt32820897/;
5805;Nicolas Cage | Pedro Pascal | Tiffany Haddish | Sharon Horgan | Jacob Scipio | Neil Patrick Harris | Paco León | Ike Barinholtz | Alessandra Mastronardi | Demi Moore;https://www.wikidata.org/wiki/Q87220566;
5807;Ava Torres | Katie Burgess | Natalie Daniels;https://www.imdb.com/title/tt10580188/;
5808;Dominique Swain | Eve Fournier | Roxanne G.C. Brooks;https://www.imdb.com/title/tt39315819/;
5881;Ryan Reynolds | Justice Smith | Kathryn Newton | Ken Watanabe | Bill Nighy | Suki Waterhouse | Chris Geere;https://www.wikidata.org/wiki/Q47492499;
5888;Rica Matsumoto | Ikue Ôtani | Unshô Ishizuka;https://www.imdb.com/title/tt0210234/;
5889;Veronica Taylor | Rachael Lillis | Eric Stuart | Madeleine Blaustein;https://www.imdb.com/title/tt0304564/;
5890;James Carter Cathcart | Michele Knotz | Rodger Parsons | Christa Lips;https://www.wikidata.org/wiki/Q2194608;
5893;Veronica Taylor | Eric Stuart | Rica Matsumoto;https://www.imdb.com/title/tt0235679/;
5894;Veronica Taylor | Rica Matsumoto | Rachael Lillis;https://www.imdb.com/title/tt0287635/;
5895;Rica Matsumoto | Veronica Taylor | Eric Stuart;https://www.imdb.com/title/tt0420076/;
5896;Chris Hemsworth | Anthony Hopkins | Natalie Portman | Tom Hiddleston | Stellan Skarsgård | Kat Dennings | Clark Gregg | Colm Feore | Idris Elba | Ray Stevenson;https://www.wikidata.org/wiki/Q217020;
5897;Ray Romano | John Leguizamo | Denis Leary;https://www.imdb.com/title/tt1080016/;
5898;Denis Leary | John Leguizamo | Ray Romano;https://www.imdb.com/title/tt0268380/;
5908;Anna Faris | Damon Wayans Jr. | Regina Hall | Marlon Wayans | Shawn Wayans | Carmen Electra | Jon Abrahams | Lochlyn Munro | Cheri Oteri | Chris Elliott;https://www.wikidata.org/wiki/Q131450198;
5909;Pedro Pascal | Sigourney Weaver | Jeremy Allen White;https://movies.disney.com/star-wars-the-mandalorian-and-grogu;Distribution principale annoncée avant la sortie.
5926;Hitoshi Takagi | Noriko Hidaka | Chika Sakamoto;https://www.imdb.com/title/tt0096283/;
5927;Miyu Irino | Rumi Hiiragi | Mari Natsuki;https://www.imdb.com/title/tt0245429/;
5928;Tsutomu Tatsumi | Ayano Shiraishi | Akemi Yamaguchi;https://www.imdb.com/title/tt0095327/;
5929;Chieko Baishô | Takuya Kimura | Tatsuya Gashûin;https://www.imdb.com/title/tt0347149/;
5930;Guillaume Gallienne | Virginie Ledoyen | Alexandre Astier | Alexandra Saadoun | Nicolas Gabion | Cyrille Coton-Bonacchi | Stéphane Margot | Haroun | Léa Pellin | Daniel Mesguich;https://www.wikidata.org/wiki/Q133798538;
5931;Pierre Coffin | Trey Parker | Allison Janney;https://www.imdb.com/title/tt32890033/;
5932;Steve Carell | Pierre Coffin | Alan Arkin;https://www.imdb.com/title/tt5113044/;
